;id;time_stamp;contract;maturity_code;open_interest_open;open_interest_close;number_of_trades;trading_volume;financial_volume;previous_settlement;indexed_settlement;opening_price;minimum_price;maximum_price;average_price;last_price;settlement_price;last_bid;last_offer
59062;1467607;2026-01-02;DAP;F26;62975;63006;8;251;46226880.84;99640.73;99640.73;10.55;10.55;10.55;10.55;10.55;99639.38;6.63;0.0
59063;1467608;2026-01-02;DAP;K27;333664;334193;25;1958;324100142.96;89521.89;89521.89;8.52;8.52;8.52;8.52;8.52;89555.03;8.52;0.0
59064;1467609;2026-01-02;DAP;K29;213543;214270;39;3156;455390189.61;77949.95;77949.95;7.73;7.71;7.73;7.72;7.715;78080.18;7.71;7.73
59065;1467610;2026-01-02;DAP;K33;211672;212279;47;3064;332951864.19;58739.11;58739.11;7.52;7.51;7.54;7.528;7.54;58807.25;7.49;0.0
59066;1467611;2026-01-02;DAP;K35;442817;442185;53;1801;173619611.29;51950.64;51950.64;7.26;7.245;7.26;7.251;7.26;52164.79;7.255;7.285
59067;1467612;2026-01-02;DAP;K45;21766;21766;3;7;361570.72;26651.41;26651.41;6.85;6.85;6.85;6.85;6.85;26774.75;0.0;0.0
59068;1467613;2026-01-02;DAP;Q26;371453;371069;33;5679;988362977.82;94180.35;94180.35;10.27;10.27;10.285;10.277;10.285;94156.22;0.0;10.285
59069;1467614;2026-01-02;DAP;Q28;350718;351441;58;3142;476521761.4;81962.88;81962.88;7.91;7.9;7.92;7.906;7.9;82067.36;7.9;0.0
59070;1467615;2026-01-02;DAP;Q30;466016;464870;91;13244;1748060300.11;71293.94;71293.94;7.635;7.62;7.66;7.637;7.62;71401.56;7.6;7.8
59071;1467616;2026-01-02;DAP;Q32;308294;307989;50;4184;479799584.19;61845.22;61845.22;7.53;7.525;7.55;7.529;7.54;62060.15;7.525;0.0
59072;1467617;2026-01-02;DAP;Q40;141263;141188;20;488;33288556.45;36516.9;36516.9;7.09;7.09;7.12;7.1;7.12;36906.85;0.0;0.0
59073;1467659;2026-01-02;DAP;F27;9967;9967;0;0;0.0;91295.87;91295.87;0.0;0.0;0.0;0.0;0.0;91309.77;0.0;0.0
59074;1467660;2026-01-02;DAP;G26;400;400;0;0;0.0;98882.58;98882.58;0.0;0.0;0.0;0.0;0.0;98867.92;0.0;0.0
59075;1467661;2026-01-02;DAP;H26;850;850;0;0;0.0;98494.72;98494.72;0.0;0.0;0.0;0.0;0.0;98479.24;0.0;0.0
59076;1467662;2026-01-02;DAP;J26;950;950;0;0;0.0;97700.25;97700.25;0.0;0.0;0.0;0.0;0.0;97678.69;0.0;0.0
59077;1467663;2026-01-02;DAP;K26;200;200;0;0;0.0;97046.61;97046.61;0.0;0.0;0.0;0.0;0.0;97024.77;0.0;0.0
59078;1467664;2026-01-02;DAP;K55;2457;2457;0;0;0.0;13770.13;13770.13;0.0;0.0;0.0;0.0;0.0;13838.33;0.0;0.0
59079;1467665;2026-01-02;DAP;M26;750;750;0;0;0.0;96317.3;96317.3;0.0;0.0;0.0;0.0;0.0;96296.58;0.0;0.0
59080;1467666;2026-01-02;DAP;Q50;4176;4176;0;0;0.0;18734.1;18734.1;0.0;0.0;0.0;0.0;0.0;18858.48;0.0;0.0
59081;1467667;2026-01-02;DAP;Q60;0;0;0;0;0.0;9530.37;9530.37;0.0;0.0;0.0;0.0;0.0;9552.65;0.0;0.0
59082;1467827;2026-01-05;DAP;F26;63006;61357;15;2153;396735850.54;99678.27;99678.27;10.6;10.6;10.6;10.6;10.6;99680.67;0.0;0.0
59083;1467828;2026-01-05;DAP;F27;9967;9975;1;8;1353197.52;91345.41;91345.41;9.1;9.1;9.1;9.1;9.1;91329.17;0.0;0.0
59084;1467829;2026-01-05;DAP;K27;334193;333477;37;3397;562412412.85;89589.98;89589.98;8.52;8.52;8.55;8.541;8.55;89550.79;0.0;0.0
59085;1467830;2026-01-05;DAP;K29;214270;213643;72;3253;469622257.71;78110.65;78110.65;7.715;7.69;7.76;7.718;7.73;78091.15;7.725;7.77
59086;1467831;2026-01-05;DAP;K33;212279;211792;78;3614;391746714.8;58830.2;58830.2;7.525;7.52;7.59;7.571;7.585;58604.59;7.585;0.0
59087;1467832;2026-01-05;DAP;K35;442185;442224;101;6531;626533760.49;52185.15;52185.15;7.25;7.25;7.34;7.313;7.34;51774.09;7.325;0.0
59088;1467833;2026-01-05;DAP;K45;21766;21766;2;40;1983955.76;26785.2;26785.2;7.07;7.07;7.11;7.078;7.11;26494.98;0.0;0.0
59089;1467834;2026-01-05;DAP;Q26;371069;365537;49;12665;2205157180.46;94192.97;94192.97;10.285;10.285;10.3;10.297;10.29;94190.19;0.0;0.0
59090;1467835;2026-01-05;DAP;Q28;351441;350397;72;6305;956820180.97;82099.39;82099.39;7.9;7.89;7.955;7.9;7.9;82102.0;7.895;7.92
59091;1467836;2026-01-05;DAP;Q30;464870;459496;162;30449;4019466120.0;71429.43;71429.43;7.64;7.62;7.67;7.644;7.64;71392.1;7.62;7.66
59092;1467837;2026-01-05;DAP;Q32;307989;308513;95;4902;560598510.44;62084.37;62084.37;7.525;7.525;7.595;7.581;7.595;61813.1;7.555;7.61
59093;1467838;2026-01-05;DAP;Q40;141188;138084;38;7267;491891108.65;36921.25;36921.25;7.1;7.1;7.215;7.16;7.205;36345.79;0.0;0.0
59094;1467880;2026-01-05;DAP;G26;400;400;0;0;0.0;98906.51;98906.51;0.0;0.0;0.0;0.0;0.0;98905.21;0.0;0.0
59095;1467881;2026-01-05;DAP;H26;850;850;0;0;0.0;98517.68;98517.68;0.0;0.0;0.0;0.0;0.0;98518.55;0.0;0.0
59096;1467882;2026-01-05;DAP;J26;950;950;0;0;0.0;97716.81;97716.81;0.0;0.0;0.0;0.0;0.0;97719.33;0.0;0.0
59097;1467883;2026-01-05;DAP;K26;200;200;0;0;0.0;97062.64;97062.64;0.0;0.0;0.0;0.0;0.0;97066.47;0.0;0.0
59098;1467884;2026-01-05;DAP;K55;2457;2457;0;0;0.0;13843.73;13843.73;0.0;0.0;0.0;0.0;0.0;13673.31;0.0;0.0
59099;1467885;2026-01-05;DAP;M26;750;750;0;0;0.0;96334.16;96334.16;0.0;0.0;0.0;0.0;0.0;96336.88;0.0;0.0
59100;1467886;2026-01-05;DAP;Q50;4176;4176;0;0;0.0;18865.84;18865.84;0.0;0.0;0.0;0.0;0.0;18683.5;0.0;0.0
59101;1467887;2026-01-05;DAP;Q60;0;0;0;0;0.0;9556.38;9556.38;0.0;0.0;0.0;0.0;0.0;9466.62;0.0;0.0
59102;1468044;2026-01-06;DAP;F26;61357;60824;11;664;122415033.36;99719.45;99719.45;10.92;10.92;10.92;10.92;10.92;99712.53;10.92;11.1
59103;1468045;2026-01-06;DAP;K27;333477;333169;32;2619;433452304.62;89585.63;89585.63;8.61;8.61;8.61;8.61;8.61;89513.57;8.52;0.0
59104;1468046;2026-01-06;DAP;K29;213643;213291;76;4932;711909203.46;78121.53;78121.53;7.75;7.71;7.77;7.738;7.765;78005.91;7.74;0.0
59105;1468047;2026-01-06;DAP;K33;211792;212123;66;2819;304689442.79;58627.39;58627.39;7.6;7.57;7.64;7.621;7.64;58383.15;7.57;0.0
59106;1468048;2026-01-06;DAP;K35;442224;437227;104;18534;1768535086.22;51794.23;51794.23;7.345;7.325;7.425;7.38;7.415;51409.23;7.39;7.425
59107;1468049;2026-01-06;DAP;Q26;365537;366085;33;1143;199130442.48;94226.83;94226.83;10.29;10.29;10.29;10.29;10.29;94226.81;0.0;0.0
59108;1468050;2026-01-06;DAP;Q28;350397;352283;78;18795;2852738466.08;82133.94;82133.94;7.91;7.89;7.925;7.912;7.92;82077.47;7.9;0.0
59109;1468051;2026-01-06;DAP;Q30;459496;459412;162;19371;2556013576.54;71419.87;71419.87;7.67;7.625;7.72;7.665;7.67;71246.57;7.67;0.0
59110;1468052;2026-01-06;DAP;Q32;308513;310141;127;6221;710005354.77;61837.15;61837.15;7.595;7.575;7.66;7.622;7.65;61623.89;7.605;0.0
59111;1468053;2026-01-06;DAP;Q40;138084;136894;58;8077;541070671.39;36359.93;36359.93;7.195;7.19;7.28;7.24;7.28;36037.22;7.26;0.0
59112;1468054;2026-01-06;DAP;Q50;4176;4176;4;60;2040356.4;18690.77;18690.77;7.17;7.17;7.17;7.17;7.17;18455.44;0.0;0.0
59113;1468099;2026-01-06;DAP;F27;9975;9975;0;0;0.0;91364.7;91364.7;0.0;0.0;0.0;0.0;0.0;91324.91;0.0;0.0
59114;1468100;2026-01-06;DAP;G26;400;400;0;0;0.0;98943.68;98943.68;0.0;0.0;0.0;0.0;0.0;98942.44;0.0;0.0
59115;1468101;2026-01-06;DAP;H26;850;850;0;0;0.0;98556.87;98556.87;0.0;0.0;0.0;0.0;0.0;98555.98;0.0;0.0
59116;1468102;2026-01-06;DAP;J26;950;950;0;0;0.0;97757.34;97757.34;0.0;0.0;0.0;0.0;0.0;97757.35;0.0;0.0
59117;1468103;2026-01-06;DAP;K26;200;200;0;0;0.0;97104.23;97104.23;0.0;0.0;0.0;0.0;0.0;97104.25;0.0;0.0
59118;1468104;2026-01-06;DAP;K45;21766;21766;0;0;0.0;26505.29;26505.29;0.0;0.0;0.0;0.0;0.0;26213.7;0.0;0.0
59119;1468105;2026-01-06;DAP;K55;2457;2457;0;0;0.0;13678.63;13678.63;0.0;0.0;0.0;0.0;0.0;13547.22;0.0;0.0
59120;1468106;2026-01-06;DAP;M26;750;750;0;0;0.0;96374.36;96374.36;0.0;0.0;0.0;0.0;0.0;96373.28;0.0;0.0
59121;1468107;2026-01-06;DAP;Q60;0;0;0;0;0.0;9470.3;9470.3;0.0;0.0;0.0;0.0;0.0;9381.42;0.0;0.0
59122;1468261;2026-01-07;DAP;F26;60824;60727;19;1600;295093832.0;99751.45;99751.45;11.2;11.2;12.175;11.728;12.175;99740.09;0.0;11.7
59123;1468262;2026-01-07;DAP;F27;9975;9975;1;3;507117.45;91360.55;91360.55;9.28;9.28;9.28;9.28;9.28;91370.82;0.0;9.28
59124;1468263;2026-01-07;DAP;K26;200;201;1;1;179614.39;97142.15;97142.15;8.8;8.8;8.8;8.8;8.8;97184.2;0.0;8.8
59125;1468264;2026-01-07;DAP;K27;333169;331981;37;2422;401197713.26;89548.51;89548.51;8.59;8.57;8.61;8.578;8.57;89587.04;0.0;0.0
59126;1468265;2026-01-07;DAP;K29;213291;213395;53;2538;366012821.0;78036.36;78036.36;7.765;7.765;7.79;7.782;7.79;77969.04;0.0;0.0
59127;1468266;2026-01-07;DAP;K33;212123;213600;103;5133;554351914.57;58405.94;58405.94;7.64;7.605;7.65;7.639;7.645;58380.4;7.605;7.645
59128;1468267;2026-01-07;DAP;K35;437227;437550;108;9751;927194556.55;51429.3;51429.3;7.4;7.395;7.45;7.425;7.445;51335.02;7.43;7.45
59129;1468268;2026-01-07;DAP;K45;21766;22042;1;298;14446858.22;26223.93;26223.93;7.21;7.21;7.21;7.21;7.21;26220.95;0.0;0.0
59130;1468269;2026-01-07;DAP;K55;2457;2544;2;132;3307015.36;13552.51;13552.51;7.09;7.09;7.1;7.093;7.1;13532.47;0.0;0.0
59131;1468270;2026-01-07;DAP;Q26;366085;365182;40;9980;1739870817.52;94263.59;94263.59;10.285;10.245;10.29;10.266;10.27;94273.75;10.24;0.0
59132;1468271;2026-01-07;DAP;Q28;352283;352312;69;3245;492397528.9;82109.5;82109.5;7.92;7.92;7.95;7.943;7.945;82053.11;0.0;7.945
59133;1468272;2026-01-07;DAP;Q30;459412;460514;169;19048;2509743069.27;71274.38;71274.38;7.705;7.675;7.735;7.71;7.685;71192.12;7.7;7.72
59134;1468273;2026-01-07;DAP;Q32;310141;309425;145;7842;893505567.72;61647.94;61647.94;7.67;7.615;7.67;7.657;7.67;61566.8;7.65;7.67
59135;1468274;2026-01-07;DAP;Q40;136894;136480;31;1292;86144094.87;36051.29;36051.29;7.29;7.26;7.29;7.278;7.28;36047.27;7.26;7.28
59136;1468275;2026-01-07;DAP;Q50;4176;4283;1;107;3652699.66;18462.64;18462.64;7.155;7.155;7.155;7.155;7.155;18485.79;0.0;0.0
59137;1468276;2026-01-07;DAP;Q60;0;38;1;38;659836.56;9385.08;9385.08;7.12;7.12;7.12;7.12;7.12;9374.95;0.0;0.0
59138;1468322;2026-01-07;DAP;G26;400;400;0;0;0.0;98981.06;98981.06;0.0;0.0;0.0;0.0;0.0;98974.41;0.0;0.0
59139;1468323;2026-01-07;DAP;H26;850;850;0;0;0.0;98594.45;98594.45;0.0;0.0;0.0;0.0;0.0;98585.66;0.0;0.0
59140;1468324;2026-01-07;DAP;J26;950;950;0;0;0.0;97795.5;97795.5;0.0;0.0;0.0;0.0;0.0;97786.14;0.0;0.0
59141;1468325;2026-01-07;DAP;M26;750;750;0;0;0.0;96410.89;96410.89;0.0;0.0;0.0;0.0;0.0;96407.0;0.0;0.0
59142;1468481;2026-01-08;DAP;F26;60727;61249;13;2050;378364831.68;99778.89;99778.89;11.43;10.87;11.43;11.014;10.87;99785.5;0.0;12.2
59143;1468482;2026-01-08;DAP;K27;331981;333324;58;6380;1057647061.2;89621.89;89621.89;8.57;8.555;8.57;8.555;8.555;89632.79;8.555;0.0
59144;1468483;2026-01-08;DAP;K29;213395;211609;75;6274;905583688.34;77999.37;77999.37;7.79;7.75;7.8;7.769;7.775;78028.23;7.765;7.82
59145;1468484;2026-01-08;DAP;K33;213600;214959;80;6515;704308786.77;58403.11;58403.11;7.66;7.61;7.66;7.631;7.645;58456.92;0.0;7.645
59146;1468485;2026-01-08;DAP;K35;437550;436670;111;16715;1590103591.87;51354.99;51354.99;7.445;7.395;7.445;7.425;7.43;51416.24;0.0;7.45
59147;1468486;2026-01-08;DAP;Q26;365182;363417;72;27936;4872790043.5;94310.42;94310.42;10.27;10.245;10.285;10.271;10.26;94323.15;10.245;10.26
59148;1468487;2026-01-08;DAP;Q28;352312;353546;49;7399;1123692440.78;82085.03;82085.03;7.945;7.91;7.945;7.926;7.935;82097.65;0.0;0.0
59149;1468488;2026-01-08;DAP;Q30;460514;460429;113;7081;933127076.31;71219.81;71219.81;7.73;7.69;7.735;7.717;7.72;71243.3;7.72;7.73
59150;1468489;2026-01-08;DAP;Q32;309425;309373;87;6460;737288072.75;61590.75;61590.75;7.635;7.62;7.655;7.636;7.645;61678.74;0.0;7.655
59151;1468490;2026-01-08;DAP;Q40;136480;136864;34;1881;125895821.45;36061.29;36061.29;7.29;7.24;7.29;7.253;7.24;36253.04;0.0;0.0
59152;1468532;2026-01-08;DAP;F27;9975;9975;0;0;0.0;91406.36;91406.36;0.0;0.0;0.0;0.0;0.0;91409.9;0.0;0.0
59153;1468533;2026-01-08;DAP;G26;400;400;0;0;0.0;99012.91;99012.91;0.0;0.0;0.0;0.0;0.0;99013.76;0.0;0.0
59154;1468534;2026-01-08;DAP;H26;850;850;0;0;0.0;98624.01;98624.01;0.0;0.0;0.0;0.0;0.0;98626.62;0.0;0.0
59155;1468535;2026-01-08;DAP;J26;950;950;0;0;0.0;97824.18;97824.18;0.0;0.0;0.0;0.0;0.0;97830.36;0.0;0.0
59156;1468536;2026-01-08;DAP;K26;201;201;0;0;0.0;97222.0;97222.0;0.0;0.0;0.0;0.0;0.0;97228.33;0.0;0.0
59157;1468537;2026-01-08;DAP;K45;22042;22042;0;0;0.0;26231.15;26231.15;0.0;0.0;0.0;0.0;0.0;26303.56;0.0;0.0
59158;1468538;2026-01-08;DAP;K55;2544;2544;0;0;0.0;13537.73;13537.73;0.0;0.0;0.0;0.0;0.0;13573.06;0.0;0.0
59159;1468539;2026-01-08;DAP;M26;750;750;0;0;0.0;96444.5;96444.5;0.0;0.0;0.0;0.0;0.0;96450.77;0.0;0.0
59160;1468540;2026-01-08;DAP;Q50;4283;4283;0;0;0.0;18492.98;18492.98;0.0;0.0;0.0;0.0;0.0;18495.07;0.0;0.0
59161;1468541;2026-01-08;DAP;Q60;38;38;0;0;0.0;9378.6;9378.6;0.0;0.0;0.0;0.0;0.0;9377.51;0.0;0.0
59162;1468701;2026-01-09;DAP;F26;61249;61247;4;30;5540641.8;99832.41;99832.41;10.5;10.5;10.5;10.5;10.5;99842.72;0.0;0.0
59163;1468702;2026-01-09;DAP;K27;333324;335065;47;3604;597397098.28;89674.93;89674.93;8.58;8.58;8.63;8.603;8.63;89579.7;8.6;0.0
59164;1468703;2026-01-09;DAP;K29;211609;211365;77;3806;548731216.31;78064.91;78064.91;7.77;7.77;7.84;7.821;7.84;77895.83;0.0;0.0
59165;1468704;2026-01-09;DAP;K33;214959;216206;49;3011;324936866.31;58484.4;58484.4;7.635;7.605;7.68;7.664;7.68;58276.13;7.65;0.0
59166;1468705;2026-01-09;DAP;K35;436670;439772;90;12255;1164165435.27;51440.41;51440.41;7.43;7.41;7.475;7.447;7.475;51231.42;7.45;7.48
59167;1468706;2026-01-09;DAP;K45;22042;22042;3;3;145435.17;26315.93;26315.93;7.215;7.215;7.215;7.215;7.215;26150.91;0.0;0.0
59168;1468707;2026-01-09;DAP;Q26;363417;365389;41;6940;1211397780.24;94367.49;94367.49;10.26;10.23;10.26;10.239;10.23;94367.3;10.22;10.25
59169;1468708;2026-01-09;DAP;Q28;353546;357964;104;20916;3173608889.67;82136.24;82136.24;7.95;7.95;8.005;7.984;8.0;82004.9;0.0;0.0
59170;1468709;2026-01-09;DAP;Q30;460429;462512;137;21892;2884006651.08;71276.79;71276.79;7.75;7.7;7.77;7.735;7.77;71113.83;0.0;0.0
59171;1468710;2026-01-09;DAP;Q32;309373;315003;83;9615;1095197716.19;61707.74;61707.74;7.645;7.62;7.695;7.677;7.69;61509.24;7.68;0.0
59172;1468711;2026-01-09;DAP;Q40;136864;136320;26;1397;93206440.78;36270.08;36270.08;7.24;7.24;7.28;7.279;7.28;36067.38;0.0;0.0
59173;1468751;2026-01-09;DAP;F27;9975;9975;0;0;0.0;91452.87;91452.87;0.0;0.0;0.0;0.0;0.0;91403.62;0.0;0.0
59174;1468752;2026-01-09;DAP;G26;400;400;0;0;0.0;99060.31;99060.31;0.0;0.0;0.0;0.0;0.0;99053.47;0.0;0.0
59175;1468753;2026-01-09;DAP;H26;850;850;0;0;0.0;98672.98;98672.98;0.0;0.0;0.0;0.0;0.0;98667.78;0.0;0.0
59176;1468754;2026-01-09;DAP;J26;950;950;0;0;0.0;97876.35;97876.35;0.0;0.0;0.0;0.0;0.0;97873.79;0.0;0.0
59177;1468755;2026-01-09;DAP;K26;201;201;0;0;0.0;97274.04;97274.04;0.0;0.0;0.0;0.0;0.0;97272.5;0.0;0.0
59178;1468756;2026-01-09;DAP;K55;2544;2544;0;0;0.0;13579.44;13579.44;0.0;0.0;0.0;0.0;0.0;13458.98;0.0;0.0
59179;1468757;2026-01-09;DAP;M26;750;750;0;0;0.0;96496.11;96496.11;0.0;0.0;0.0;0.0;0.0;96495.47;0.0;0.0
59180;1468758;2026-01-09;DAP;Q50;4283;4283;0;0;0.0;18503.76;18503.76;0.0;0.0;0.0;0.0;0.0;18386.57;0.0;0.0
59181;1468759;2026-01-09;DAP;Q60;38;38;0;0;0.0;9381.92;9381.92;0.0;0.0;0.0;0.0;0.0;9290.19;0.0;0.0
59182;1468921;2026-01-12;DAP;F26;61247;61267;8;23;4250093.18;99882.11;99882.11;9.94;9.94;9.94;9.94;9.94;99881.81;0.0;0.0
59183;1468922;2026-01-12;DAP;K27;335065;334298;69;5126;849958863.4;89615.04;89615.04;8.61;8.595;8.625;8.609;8.6;89636.47;0.0;0.0
59184;1468923;2026-01-12;DAP;K29;211365;211074;59;2464;355288245.6;77926.56;77926.56;7.835;7.81;7.85;7.829;7.835;77931.11;7.82;0.0
59185;1468924;2026-01-12;DAP;K33;216206;216161;55;2425;261486648.66;58299.12;58299.12;7.68;7.67;7.685;7.681;7.685;58273.5;7.66;7.69
59186;1468925;2026-01-12;DAP;K35;439772;440456;88;7328;694620058.07;51251.63;51251.63;7.475;7.45;7.495;7.476;7.47;51223.97;0.0;7.5
59187;1468926;2026-01-12;DAP;Q26;365389;364875;41;5509;962058704.42;94404.53;94404.53;10.255;10.23;10.26;10.239;10.26;94401.25;10.23;10.28
59188;1468927;2026-01-12;DAP;Q28;357964;358189;47;1472;223386853.34;82037.25;82037.25;8.0;7.97;8.0;7.993;7.995;82029.93;7.995;0.0
59189;1468928;2026-01-12;DAP;Q30;462512;463267;148;22770;2998023450.97;71141.88;71141.88;7.77;7.735;7.79;7.757;7.785;71089.91;7.765;7.785
59190;1468929;2026-01-12;DAP;Q32;315003;314782;87;7451;847786500.95;61533.51;61533.51;7.695;7.67;7.715;7.7;7.67;61452.53;7.67;0.0
59191;1468930;2026-01-12;DAP;Q40;136320;136351;22;147;9788566.65;36081.61;36081.61;7.275;7.275;7.3;7.296;7.3;35980.0;0.0;7.3
59192;1468973;2026-01-12;DAP;F27;9975;9975;0;0;0.0;91439.68;91439.68;0.0;0.0;0.0;0.0;0.0;91427.74;0.0;0.0
59193;1468974;2026-01-12;DAP;G26;400;400;0;0;0.0;99092.55;99092.55;0.0;0.0;0.0;0.0;0.0;99093.29;0.0;0.0
59194;1468975;2026-01-12;DAP;H26;850;850;0;0;0.0;98706.7;98706.7;0.0;0.0;0.0;0.0;0.0;98709.09;0.0;0.0
59195;1468976;2026-01-12;DAP;J26;950;950;0;0;0.0;97912.4;97912.4;0.0;0.0;0.0;0.0;0.0;97914.4;0.0;0.0
59196;1468977;2026-01-12;DAP;K26;201;201;0;0;0.0;97310.87;97310.87;0.0;0.0;0.0;0.0;0.0;97315.51;0.0;0.0
59197;1468978;2026-01-12;DAP;K45;22042;22042;0;0;0.0;26161.23;26161.23;0.0;0.0;0.0;0.0;0.0;26101.95;0.0;0.0
59198;1468979;2026-01-12;DAP;K55;2544;2544;0;0;0.0;13464.29;13464.29;0.0;0.0;0.0;0.0;0.0;13451.67;0.0;0.0
59199;1468980;2026-01-12;DAP;M26;750;750;0;0;0.0;96533.54;96533.54;0.0;0.0;0.0;0.0;0.0;96538.87;0.0;0.0
59200;1468981;2026-01-12;DAP;Q50;4283;4283;0;0;0.0;18393.82;18393.82;0.0;0.0;0.0;0.0;0.0;18391.63;0.0;0.0
59201;1468982;2026-01-12;DAP;Q60;38;38;0;0;0.0;9293.85;9293.85;0.0;0.0;0.0;0.0;0.0;9268.92;0.0;0.0
59202;1469142;2026-01-13;DAP;F26;61267;61256;6;27;4991540.22;99921.21;99921.21;10.94;10.94;10.94;10.94;10.94;99921.21;0.0;0.0
59203;1469143;2026-01-13;DAP;K27;334298;331790;64;12333;2046446553.79;89671.83;89671.83;8.6;8.56;8.605;8.59;8.6;89671.3;8.56;0.0
59204;1469144;2026-01-13;DAP;K29;211074;211529;54;3326;479789291.89;77961.85;77961.85;7.83;7.82;7.84;7.83;7.84;77954.44;7.815;0.0
59205;1469145;2026-01-13;DAP;K33;216161;216152;88;3587;386931728.89;58296.49;58296.49;7.685;7.665;7.685;7.682;7.685;58290.62;7.685;0.0
59206;1469146;2026-01-13;DAP;K35;440456;439393;136;13011;1232309903.22;51244.18;51244.18;7.48;7.47;7.51;7.491;7.51;51106.25;7.49;7.52
59207;1469147;2026-01-13;DAP;K45;22042;22042;2;8;391275.76;26112.25;26112.25;7.17;7.17;7.17;7.17;7.17;26020.47;0.0;0.0
59208;1469148;2026-01-13;DAP;K55;2544;2543;1;1;25884.2;13456.98;13456.98;6.98;6.98;6.98;6.98;6.98;13400.54;0.0;0.0
59209;1469149;2026-01-13;DAP;Q26;364875;364873;41;6400;1118436506.53;94438.49;94438.49;10.245;10.2;10.25;10.21;10.205;94452.86;10.205;10.26
59210;1469150;2026-01-13;DAP;Q28;358189;359178;64;2688;408210633.82;82062.29;82062.29;7.99;7.97;8.0;7.983;8.0;82064.74;7.95;0.0
59211;1469151;2026-01-13;DAP;Q30;463267;463325;145;23449;3088650278.2;71117.95;71117.95;7.785;7.73;7.79;7.758;7.79;71141.07;7.775;7.79
59212;1469152;2026-01-13;DAP;Q32;314782;315696;94;5496;625595868.2;61476.77;61476.77;7.715;7.68;7.74;7.701;7.71;61508.03;7.705;0.0
59213;1469153;2026-01-13;DAP;Q40;136351;136748;46;4565;303610277.94;35994.19;35994.19;7.3;7.28;7.315;7.309;7.315;35917.17;7.315;0.0
59214;1469154;2026-01-13;DAP;Q50;4283;4283;1;1;35263.47;18398.89;18398.89;7.02;7.02;7.02;7.02;7.02;18313.01;0.0;0.0
59215;1469197;2026-01-13;DAP;F27;9975;9975;0;0;0.0;91463.81;91463.81;0.0;0.0;0.0;0.0;0.0;91478.58;0.0;0.0
59216;1469198;2026-01-13;DAP;G26;400;400;0;0;0.0;99132.38;99132.38;0.0;0.0;0.0;0.0;0.0;99129.75;0.0;0.0
59217;1469199;2026-01-13;DAP;H26;850;850;0;0;0.0;98748.03;98748.03;0.0;0.0;0.0;0.0;0.0;98744.72;0.0;0.0
59218;1469200;2026-01-13;DAP;J26;950;950;0;0;0.0;97953.03;97953.03;0.0;0.0;0.0;0.0;0.0;97949.58;0.0;0.0
59219;1469201;2026-01-13;DAP;K26;201;201;0;0;0.0;97353.9;97353.9;0.0;0.0;0.0;0.0;0.0;97351.18;0.0;0.0
59220;1469202;2026-01-13;DAP;M26;750;750;0;0;0.0;96576.95;96576.95;0.0;0.0;0.0;0.0;0.0;96577.37;0.0;0.0
59221;1469203;2026-01-13;DAP;Q60;38;38;0;0;0.0;9272.58;9272.58;0.0;0.0;0.0;0.0;0.0;9232.88;0.0;0.0
59222;1469364;2026-01-14;DAP;F26;61256;61262;3;7;1294862.31;99960.63;99960.63;10.44;10.44;10.44;10.44;10.44;99960.58;0.0;0.0
59223;1469365;2026-01-14;DAP;F27;9975;10075;1;100;16944254.0;91514.67;91514.67;9.29;9.29;9.29;9.29;9.29;91479.51;0.0;0.0
59224;1469366;2026-01-14;DAP;G26;400;1400;1;1000;183404860.0;99168.86;99168.86;10.3;10.3;10.3;10.3;10.3;99167.84;0.0;0.0
59225;1469367;2026-01-14;DAP;K27;331790;332453;85;9677;1605862263.69;89706.68;89706.68;8.55;8.55;8.63;8.623;8.63;89668.02;8.63;0.0
59226;1469368;2026-01-14;DAP;K29;211529;212551;185;3594;517396894.83;77985.19;77985.19;7.835;7.83;7.95;7.911;7.94;77727.92;0.0;0.0
59227;1469369;2026-01-14;DAP;K33;216152;215928;91;5478;588404322.79;58313.62;58313.62;7.685;7.685;7.775;7.752;7.77;57953.93;7.765;7.77
59228;1469370;2026-01-14;DAP;K35;439393;442095;107;9462;890401589.91;51126.41;51126.41;7.51;7.51;7.605;7.571;7.6;50791.68;7.59;7.62
59229;1469371;2026-01-14;DAP;K45;22042;21815;1;259;12470298.33;26030.74;26030.74;7.26;7.26;7.26;7.26;7.26;25698.93;0.0;0.0
59230;1469372;2026-01-14;DAP;K55;2543;2599;1;56;1388318.96;13405.83;13405.83;7.14;7.14;7.14;7.14;7.14;13155.01;0.0;0.0
59231;1469373;2026-01-14;DAP;Q26;364873;365853;40;3379;590843963.41;94490.12;94490.12;10.25;10.19;10.25;10.202;10.19;94496.79;0.0;10.22
59232;1469374;2026-01-14;DAP;Q28;359178;361061;85;7039;1067186798.05;82097.11;82097.11;7.99;7.95;8.1;8.072;8.09;81894.93;8.09;8.1
59233;1469375;2026-01-14;DAP;Q30;463325;471847;227;30959;4064833771.46;71169.14;71169.14;7.775;7.775;7.885;7.845;7.855;70833.13;7.81;0.0
59234;1469376;2026-01-14;DAP;Q32;315696;317652;101;10560;1197644598.5;61532.29;61532.29;7.67;7.67;7.805;7.769;7.805;61153.65;7.77;0.0
59235;1469377;2026-01-14;DAP;Q40;136748;137362;30;1783;117373603.12;35931.34;35931.34;7.315;7.315;7.395;7.388;7.395;35541.12;7.38;0.0
59236;1469378;2026-01-14;DAP;Q50;4283;4250;1;46;1559315.36;18320.23;18320.23;7.195;7.195;7.195;7.195;7.195;18085.83;0.0;0.0
59237;1469379;2026-01-14;DAP;Q60;38;59;1;97;1658304.24;9236.52;9236.52;7.175;7.175;7.175;7.175;7.175;9024.67;0.0;0.0
59238;1469422;2026-01-14;DAP;H26;850;850;0;0;0.0;98783.67;98783.67;0.0;0.0;0.0;0.0;0.0;98782.91;0.0;0.0
59239;1469423;2026-01-14;DAP;J26;950;950;0;0;0.0;97988.22;97988.22;0.0;0.0;0.0;0.0;0.0;97989.34;0.0;0.0
59240;1469424;2026-01-14;DAP;K26;201;201;0;0;0.0;97389.59;97389.59;0.0;0.0;0.0;0.0;0.0;97390.56;0.0;0.0
59241;1469425;2026-01-14;DAP;M26;750;750;0;0;0.0;96615.47;96615.47;0.0;0.0;0.0;0.0;0.0;96615.77;0.0;0.0
59242;1469586;2026-01-15;DAP;F27;10075;10282;5;308;52241209.6;91515.6;91515.6;9.27;9.02;9.27;9.234;9.02;91623.0;0.0;0.0
59243;1469587;2026-01-15;DAP;G26;1400;2070;1;670;122948329.9;99206.96;99206.96;10.3;10.3;10.3;10.3;10.3;99203.4;0.0;10.3
59244;1469588;2026-01-15;DAP;K27;332453;332867;45;4256;706214609.45;89703.39;89703.39;8.67;8.64;8.68;8.669;8.675;89648.7;0.0;0.0
59245;1469589;2026-01-15;DAP;K29;212551;213765;75;3603;518760093.97;77758.58;77758.58;7.94;7.915;7.94;7.922;7.92;77798.96;0.0;0.0
59246;1469590;2026-01-15;DAP;K33;215928;216115;59;3360;360577616.11;57976.79;57976.79;7.79;7.755;7.79;7.772;7.775;57971.15;7.765;7.775
59247;1469591;2026-01-15;DAP;K35;442095;442689;108;10048;943260215.1;50811.72;50811.72;7.59;7.59;7.63;7.604;7.6;50740.85;7.59;7.6
59248;1469592;2026-01-15;DAP;Q26;365853;368006;44;4986;872138374.82;94534.07;94534.07;10.26;10.22;10.26;10.24;10.24;94508.34;0.0;10.25
59249;1469593;2026-01-15;DAP;Q28;361061;362826;79;5695;863203583.66;81927.24;81927.24;8.09;8.09;8.11;8.103;8.105;81891.08;0.0;8.115
59250;1469594;2026-01-15;DAP;Q30;471847;472310;167;17754;2329500001.26;70861.07;70861.07;7.865;7.855;7.89;7.872;7.855;70943.98;7.855;7.885
59251;1469595;2026-01-15;DAP;Q32;317652;318433;107;4999;566287452.96;61177.78;61177.78;7.805;7.78;7.815;7.796;7.795;61209.02;7.795;7.8
59252;1469596;2026-01-15;DAP;Q40;137362;138718;32;3347;219967081.48;35555.14;35555.14;7.4;7.39;7.41;7.403;7.39;35479.28;0.0;0.0
59253;1469638;2026-01-15;DAP;F26;0;0;0;0;0.0;100000.01;100000.01;0.0;0.0;0.0;0.0;0.0;100000.0;0.0;0.0
59254;1469639;2026-01-15;DAP;H26;850;850;0;0;0.0;98821.88;98821.88;0.0;0.0;0.0;0.0;0.0;98816.93;0.0;0.0
59255;1469640;2026-01-15;DAP;J26;950;950;0;0;0.0;98028.0;98028.0;0.0;0.0;0.0;0.0;0.0;98022.76;0.0;0.0
59256;1469641;2026-01-15;DAP;K26;201;201;0;0;0.0;97428.98;97428.98;0.0;0.0;0.0;0.0;0.0;97421.97;0.0;0.0
59257;1469642;2026-01-15;DAP;K31;0;0;0;0;0.0;0.0;0.0;0.0;0.0;0.0;0.0;0.0;67204.59;0.0;0.0
59258;1469643;2026-01-15;DAP;K37;0;0;0;0;0.0;0.0;0.0;0.0;0.0;0.0;0.0;0.0;44274.62;0.0;0.0
59259;1469644;2026-01-15;DAP;K45;21815;21815;0;0;0.0;25709.07;25709.07;0.0;0.0;0.0;0.0;0.0;25770.63;0.0;0.0
59260;1469645;2026-01-15;DAP;K55;2599;2599;0;0;0.0;13160.2;13160.2;0.0;0.0;0.0;0.0;0.0;13219.6;0.0;0.0
59261;1469646;2026-01-15;DAP;M26;750;750;0;0;0.0;96653.88;96653.88;0.0;0.0;0.0;0.0;0.0;96645.19;0.0;0.0
59262;1469647;2026-01-15;DAP;N26;0;0;0;0;0.0;0.0;0.0;0.0;0.0;0.0;0.0;0.0;95601.4;0.0;0.0
59263;1469648;2026-01-15;DAP;Q50;4250;4250;0;0;0.0;18092.96;18092.96;0.0;0.0;0.0;0.0;0.0;18185.87;0.0;0.0
59264;1469649;2026-01-15;DAP;Q60;59;59;0;0;0.0;9028.23;9028.23;0.0;0.0;0.0;0.0;0.0;9105.64;0.0;0.0
59265;1469811;2026-01-16;DAP;F27;10282;10282;1;100;16967746.0;91658.53;91658.53;9.25;9.25;9.25;9.25;9.25;91630.44;0.0;0.0
59266;1469812;2026-01-16;DAP;K27;332867;331369;66;8912;1478828332.89;89683.47;89683.47;8.63;8.63;8.76;8.709;8.7;89651.29;8.68;0.0
59267;1469813;2026-01-16;DAP;K29;213765;214059;58;3265;469513648.98;77829.13;77829.13;7.92;7.91;7.99;7.978;7.98;77680.33;0.0;7.98
59268;1469814;2026-01-16;DAP;K31;0;9;1;9;1115653.68;67230.65;67230.65;7.9;7.9;7.9;7.9;7.9;67162.24;0.0;0.0
59269;1469815;2026-01-16;DAP;K33;216115;217044;89;7132;762340609.41;57993.63;57993.63;7.82;7.815;7.855;7.837;7.845;57715.01;7.82;7.85
59270;1469816;2026-01-16;DAP;K35;442689;448478;141;22099;2065736399.49;50760.53;50760.53;7.59;7.59;7.68;7.659;7.66;50472.63;7.64;7.66
59271;1469817;2026-01-16;DAP;K37;0;18;2;18;1446803.1;44291.79;44291.79;7.7;7.7;7.7;7.7;7.7;44143.99;0.0;7.695
59272;1469818;2026-01-16;DAP;K45;21815;21815;1;3;140994.12;25780.62;25780.62;7.4;7.4;7.4;7.4;7.4;25963.05;0.0;0.0
59273;1469819;2026-01-16;DAP;Q26;368006;367531;36;3092;541114045.84;94544.99;94544.99;10.22;10.22;10.255;10.25;10.25;94537.51;0.0;10.26
59274;1469820;2026-01-16;DAP;Q28;362826;363313;59;5211;789743707.83;81922.84;81922.84;8.1;8.09;8.17;8.128;8.12;81887.33;0.0;8.13
59275;1469821;2026-01-16;DAP;Q30;472310;474285;138;21673;2840209624.92;70971.49;70971.49;7.865;7.86;7.94;7.912;7.91;70801.36;7.9;7.91
59276;1469822;2026-01-16;DAP;Q32;318433;318326;88;3907;441582708.85;61232.76;61232.76;7.79;7.79;7.88;7.841;7.84;61060.46;0.0;7.85
59277;1469823;2026-01-16;DAP;Q40;138718;138489;22;1330;86827829.96;35493.04;35493.04;7.44;7.44;7.485;7.456;7.44;35346.01;0.0;7.48
59278;1469868;2026-01-16;DAP;G26;2070;2070;0;0;0.0;99241.87;99241.87;0.0;0.0;0.0;0.0;0.0;99240.75;0.0;0.0
59279;1469869;2026-01-16;DAP;H26;850;850;0;0;0.0;98855.25;98855.25;0.0;0.0;0.0;0.0;0.0;98854.57;0.0;0.0
59280;1469870;2026-01-16;DAP;J26;950;950;0;0;0.0;98060.77;98060.77;0.0;0.0;0.0;0.0;0.0;98061.52;0.0;0.0
59281;1469871;2026-01-16;DAP;K26;201;201;0;0;0.0;97459.75;97459.75;0.0;0.0;0.0;0.0;0.0;97458.81;0.0;0.0
59282;1469872;2026-01-16;DAP;K55;2599;2599;0;0;0.0;13224.73;13224.73;0.0;0.0;0.0;0.0;0.0;13349.68;0.0;0.0
59283;1469873;2026-01-16;DAP;M26;750;750;0;0;0.0;96682.67;96682.67;0.0;0.0;0.0;0.0;0.0;96680.31;0.0;0.0
59284;1469874;2026-01-16;DAP;N26;0;0;0;0;0.0;95638.47;95638.47;0.0;0.0;0.0;0.0;0.0;95635.94;0.0;0.0
59285;1469875;2026-01-16;DAP;Q50;4250;4250;0;0;0.0;18192.92;18192.92;0.0;0.0;0.0;0.0;0.0;18265.64;0.0;0.0
59286;1469876;2026-01-16;DAP;Q60;59;59;0;0;0.0;9109.17;9109.17;0.0;0.0;0.0;0.0;0.0;9202.07;0.0;0.0
59287;1470034;2026-01-19;DAP;F27;10282;10282;1;6;1018588.62;91665.97;91665.97;9.25;9.25;9.25;9.25;9.25;91684.12;0.0;0.0
59288;1470035;2026-01-19;DAP;K27;331369;330937;42;4238;703862266.28;89686.06;89686.06;8.7;8.67;8.7;8.677;8.68;89702.52;0.0;8.68
59289;1470036;2026-01-19;DAP;K29;214059;213345;86;7001;1008202648.17;77710.45;77710.45;7.97;7.925;7.98;7.946;7.97;77727.65;0.0;0.0
59290;1470037;2026-01-19;DAP;K31;9;3427;15;4231;527066877.49;67188.29;67188.29;7.8;7.8;7.895;7.808;7.895;67002.08;0.0;0.0
59291;1470038;2026-01-19;DAP;K33;217044;218069;65;5312;568285866.19;57737.39;57737.39;7.845;7.8;7.85;7.831;7.85;57712.85;0.0;7.87
59292;1470039;2026-01-19;DAP;K35;448478;456346;125;27564;2578602899.03;50492.2;50492.2;7.65;7.62;7.69;7.655;7.685;50444.05;7.685;7.7
59293;1470040;2026-01-19;DAP;K37;18;1823;11;2975;242879205.15;44161.11;44161.11;7.55;7.55;7.6;7.555;7.6;44013.89;0.0;0.0
59294;1470041;2026-01-19;DAP;K45;21815;21817;1;47;2259858.7;25973.12;25973.12;7.275;7.275;7.275;7.275;7.275;25914.58;0.0;0.0
59295;1470042;2026-01-19;DAP;K55;2599;2599;1;16;395563.84;13354.86;13354.86;7.155;7.155;7.155;7.155;7.155;13295.38;0.0;0.0
59296;1470043;2026-01-19;DAP;Q26;367531;371955;78;37693;6599954647.5;94574.17;94574.17;10.255;10.23;10.3;10.254;10.29;94552.09;0.0;10.29
59297;1470044;2026-01-19;DAP;Q28;363313;368825;70;13745;2085814925.03;81919.09;81919.09;8.12;8.09;8.13;8.093;8.09;81951.43;8.09;8.095
59298;1470045;2026-01-19;DAP;Q30;474285;477591;126;19610;2573610775.97;70828.82;70828.82;7.9;7.865;7.92;7.888;7.89;70867.38;7.88;0.0
59299;1470046;2026-01-19;DAP;Q32;318326;319869;93;14090;1593949950.41;61084.14;61084.14;7.83;7.81;7.86;7.833;7.86;61004.81;7.84;7.86
59300;1470047;2026-01-19;DAP;Q40;138489;139138;23;6821;447354484.45;35359.72;35359.72;7.44;7.41;7.455;7.425;7.455;35284.64;0.0;0.0
59301;1470088;2026-01-19;DAP;G26;2070;2070;0;0;0.0;99279.24;99279.24;0.0;0.0;0.0;0.0;0.0;99275.27;0.0;0.0
59302;1470089;2026-01-19;DAP;H26;850;850;0;0;0.0;98892.91;98892.91;0.0;0.0;0.0;0.0;0.0;98884.47;0.0;0.0
59303;1470090;2026-01-19;DAP;J26;950;950;0;0;0.0;98099.55;98099.55;0.0;0.0;0.0;0.0;0.0;98088.86;0.0;0.0
59304;1470091;2026-01-19;DAP;K26;201;201;0;0;0.0;97496.6;97496.6;0.0;0.0;0.0;0.0;0.0;97488.48;0.0;0.0
59305;1470092;2026-01-19;DAP;M26;750;750;0;0;0.0;96717.8;96717.8;0.0;0.0;0.0;0.0;0.0;96710.17;0.0;0.0
59306;1470093;2026-01-19;DAP;N26;0;0;0;0;0.0;95673.03;95673.03;0.0;0.0;0.0;0.0;0.0;95670.51;0.0;0.0
59307;1470094;2026-01-19;DAP;Q50;4250;4250;0;0;0.0;18272.72;18272.72;0.0;0.0;0.0;0.0;0.0;18208.38;0.0;0.0
59308;1470095;2026-01-19;DAP;Q60;59;59;0;0;0.0;9205.64;9205.64;0.0;0.0;0.0;0.0;0.0;9151.65;0.0;0.0
59309;1470257;2026-01-20;DAP;F27;10282;10382;1;100;16980662.0;91719.68;91719.68;9.28;9.28;9.28;9.28;9.28;91692.6;0.0;0.0
59310;1470258;2026-01-20;DAP;K27;330937;331454;51;3408;566091808.08;89737.32;89737.32;8.68;8.68;8.73;8.706;8.715;89710.67;0.0;0.0
59311;1470259;2026-01-20;DAP;K29;213345;214751;80;7080;1018981276.47;77757.8;77757.8;8.02;7.955;8.02;7.981;7.99;77704.06;7.955;7.99
59312;1470260;2026-01-20;DAP;K31;3427;3556;5;158;19591559.17;67028.07;67028.07;7.915;7.905;7.915;7.913;7.905;67097.57;0.0;0.0
59313;1470261;2026-01-20;DAP;K33;218069;218520;89;4840;517148252.13;57735.24;57735.24;7.85;7.835;7.91;7.857;7.845;57691.26;7.84;7.845
59314;1470262;2026-01-20;DAP;K35;456346;459960;117;15385;1434811102.48;50463.62;50463.62;7.67;7.66;7.73;7.696;7.7;50242.63;7.7;7.705
59315;1470263;2026-01-20;DAP;K45;21817;21910;1;657;31547412.09;25924.63;25924.63;7.285;7.285;7.285;7.285;7.285;25856.97;0.0;0.0
59316;1470264;2026-01-20;DAP;K55;2599;2541;1;216;5320708.56;13300.54;13300.54;7.17;7.17;7.17;7.17;7.17;13255.73;0.0;0.0
59317;1470265;2026-01-20;DAP;Q26;371955;375910;47;7387;1293978407.54;94588.77;94588.77;10.32;10.27;10.32;10.281;10.28;94598.61;0.0;0.0
59318;1470266;2026-01-20;DAP;Q28;368825;370700;65;6052;918307408.84;81983.22;81983.22;8.16;8.1;8.16;8.117;8.115;81947.75;8.115;8.13
59319;1470267;2026-01-20;DAP;Q30;477591;477987;142;22474;2948112098.23;70894.87;70894.87;7.895;7.88;7.96;7.911;7.9;70784.73;7.885;0.0
59320;1470268;2026-01-20;DAP;Q32;319869;319135;101;8024;906401577.48;61028.47;61028.47;7.86;7.845;7.895;7.865;7.88;60986.22;7.84;7.88
59321;1470269;2026-01-20;DAP;Q40;139138;139530;28;2389;156047732.65;35298.33;35298.33;7.455;7.445;7.47;7.459;7.47;35223.42;7.445;7.47
59322;1470270;2026-01-20;DAP;Q50;4250;4360;1;259;8735119.47;18215.44;18215.44;7.225;7.225;7.225;7.225;7.225;18188.56;0.0;0.0
59323;1470271;2026-01-20;DAP;Q60;59;3;1;62;1051639.04;9155.2;9155.2;7.205;7.205;7.205;7.205;7.205;9154.17;0.0;0.0
59324;1470317;2026-01-20;DAP;G26;2070;2070;0;0;0.0;99313.78;99313.78;0.0;0.0;0.0;0.0;0.0;99311.17;0.0;0.0
59325;1470318;2026-01-20;DAP;H26;850;850;0;0;0.0;98922.83;98922.83;0.0;0.0;0.0;0.0;0.0;98919.2;0.0;0.0
59326;1470319;2026-01-20;DAP;J26;950;950;0;0;0.0;98126.91;98126.91;0.0;0.0;0.0;0.0;0.0;98123.03;0.0;0.0
59327;1470320;2026-01-20;DAP;K26;201;201;0;0;0.0;97526.3;97526.3;0.0;0.0;0.0;0.0;0.0;97520.71;0.0;0.0
59328;1470321;2026-01-20;DAP;K37;1823;1823;0;0;0.0;44030.96;44030.96;0.0;0.0;0.0;0.0;0.0;43788.17;0.0;0.0
59329;1470322;2026-01-20;DAP;M26;750;750;0;0;0.0;96747.68;96747.68;0.0;0.0;0.0;0.0;0.0;96741.47;0.0;0.0
59330;1470323;2026-01-20;DAP;N26;0;0;0;0;0.0;95707.62;95707.62;0.0;0.0;0.0;0.0;0.0;95700.94;0.0;0.0
59331;1470479;2026-01-21;DAP;K27;331454;331146;56;2163;359561671.35;89745.47;89745.47;8.715;8.64;8.715;8.684;8.68;89761.8;0.0;8.68
59332;1470480;2026-01-21;DAP;K29;214751;214769;103;9204;1327127295.66;77734.2;77734.2;7.98;7.91;8.01;7.936;7.925;77881.31;7.87;0.0
59333;1470481;2026-01-21;DAP;K31;3556;5296;3;2381;296683179.62;67123.6;67123.6;7.82;7.82;7.83;7.822;7.83;67242.3;0.0;0.0
59334;1470482;2026-01-21;DAP;K33;218520;220294;87;7220;773516636.85;57713.64;57713.64;7.86;7.79;7.86;7.824;7.83;57825.34;0.0;7.845
59335;1470483;2026-01-21;DAP;K35;459960;461652;108;13397;1251598292.67;50262.12;50262.12;7.725;7.645;7.725;7.681;7.695;50387.06;7.675;7.695
59336;1470484;2026-01-21;DAP;K37;1823;12987;14;11165;910679553.31;43805.16;43805.16;7.59;7.57;7.7;7.572;7.7;43887.91;0.0;0.0
59337;1470485;2026-01-21;DAP;K45;21910;21885;1;751;35980342.41;25867.0;25867.0;7.3;7.3;7.3;7.3;7.3;25933.69;0.0;0.0
59338;1470486;2026-01-21;DAP;K55;2541;2485;1;106;2601604.64;13260.87;13260.87;7.185;7.185;7.185;7.185;7.185;13317.16;0.0;0.0
59339;1470487;2026-01-21;DAP;Q26;375910;375981;31;2365;414581405.45;94635.3;94635.3;10.22;10.2;10.26;10.245;10.26;94645.03;0.0;10.26
59340;1470488;2026-01-21;DAP;Q28;370700;371007;71;6847;1040793310.71;81979.54;81979.54;8.115;8.05;8.115;8.061;8.07;82060.11;0.0;0.0
59341;1470489;2026-01-21;DAP;Q30;477987;481845;177;40269;5293044298.36;70812.19;70812.19;7.9;7.85;7.96;7.874;7.875;70969.63;7.86;0.0
59342;1470490;2026-01-21;DAP;Q32;319135;320738;95;10643;1205243920.52;61009.88;61009.88;7.87;7.815;7.87;7.831;7.84;61115.35;7.82;0.0
59343;1470491;2026-01-21;DAP;Q40;139530;141164;35;9686;635372555.48;35237.08;35237.08;7.47;7.405;7.47;7.431;7.445;35352.39;7.435;7.46
59344;1470492;2026-01-21;DAP;Q50;4360;4384;1;385;12975578.0;18195.62;18195.62;7.23;7.23;7.23;7.23;7.23;18280.78;0.0;7.245
59345;1470493;2026-01-21;DAP;Q60;3;1;1;4;67877.48;9157.72;9157.72;7.205;7.205;7.205;7.205;7.205;9191.98;0.0;0.0
59346;1470540;2026-01-21;DAP;F27;10382;10382;0;0;0.0;91728.17;91728.17;0.0;0.0;0.0;0.0;0.0;91743.7;0.0;0.0
59347;1470541;2026-01-21;DAP;G26;2070;2070;0;0;0.0;99349.69;99349.69;0.0;0.0;0.0;0.0;0.0;99345.95;0.0;0.0
59348;1470542;2026-01-21;DAP;H26;850;850;0;0;0.0;98957.57;98957.57;0.0;0.0;0.0;0.0;0.0;98952.45;0.0;0.0
59349;1470543;2026-01-21;DAP;J26;950;950;0;0;0.0;98161.09;98161.09;0.0;0.0;0.0;0.0;0.0;98156.11;0.0;0.0
59350;1470544;2026-01-21;DAP;K26;201;201;0;0;0.0;97558.54;97558.54;0.0;0.0;0.0;0.0;0.0;97552.65;0.0;0.0
59351;1470545;2026-01-21;DAP;M26;750;750;0;0;0.0;96779.0;96779.0;0.0;0.0;0.0;0.0;0.0;96773.49;0.0;0.0
59352;1470546;2026-01-21;DAP;N26;0;0;0;0;0.0;95738.06;95738.06;0.0;0.0;0.0;0.0;0.0;95735.17;0.0;0.0
59353;1470701;2026-01-22;DAP;K27;331146;331368;52;3445;573214066.73;89796.62;89796.62;8.68;8.63;8.68;8.646;8.65;89823.53;0.0;0.0
59354;1470702;2026-01-22;DAP;K29;214769;214003;76;4923;711064846.92;77911.52;77911.52;7.92;7.86;7.925;7.895;7.885;77999.49;0.0;0.0
59355;1470703;2026-01-22;DAP;K31;5296;5596;4;352;43865131.2;67268.38;67268.38;7.83;7.83;7.83;7.83;7.83;67275.55;0.0;0.0
59356;1470704;2026-01-22;DAP;K33;220294;223694;89;14156;1520780735.27;57847.77;57847.77;7.83;7.77;7.83;7.79;7.795;57979.16;0.0;7.795
59357;1470705;2026-01-22;DAP;K35;461652;461866;193;54692;5119468688.02;50406.61;50406.61;7.695;7.64;7.695;7.664;7.66;50531.83;0.0;7.665
59358;1470706;2026-01-22;DAP;K37;12987;19567;11;8740;712717084.4;43904.93;43904.93;7.58;7.575;7.6;7.579;7.59;43928.17;0.0;0.0
59359;1470707;2026-01-22;DAP;Q26;375981;376464;60;3710;650818318.54;94681.74;94681.74;10.26;10.18;10.26;10.214;10.215;94703.35;10.215;10.26
59360;1470708;2026-01-22;DAP;Q28;371007;375284;59;13131;1998021645.66;82091.94;82091.94;8.07;8.025;8.07;8.038;8.03;82162.72;0.0;0.0
59361;1470709;2026-01-22;DAP;Q30;481845;481363;173;25398;3343702287.68;70997.16;70997.16;7.875;7.82;7.9;7.847;7.85;71065.39;0.0;0.0
59362;1470710;2026-01-22;DAP;Q32;320738;322362;118;10296;1167960898.31;61139.06;61139.06;7.84;7.785;7.84;7.811;7.805;61263.18;0.0;7.805
59363;1470711;2026-01-22;DAP;Q40;141164;141472;28;3852;252992029.05;35366.1;35366.1;7.445;7.42;7.445;7.425;7.43;35434.0;0.0;7.43
59364;1470712;2026-01-22;DAP;Q50;4384;4372;1;12;406458.0;18287.87;18287.87;7.21;7.21;7.21;7.21;7.21;18507.84;0.0;0.0
59365;1470763;2026-01-22;DAP;F27;10382;10382;0;0;0.0;91779.29;91779.29;0.0;0.0;0.0;0.0;0.0;91793.06;0.0;0.0
59366;1470764;2026-01-22;DAP;G26;2070;2070;0;0;0.0;99384.49;99384.49;0.0;0.0;0.0;0.0;0.0;99383.82;0.0;0.0
59367;1470765;2026-01-22;DAP;H26;850;850;0;0;0.0;98990.83;98990.83;0.0;0.0;0.0;0.0;0.0;98992.77;0.0;0.0
59368;1470766;2026-01-22;DAP;J26;950;950;0;0;0.0;98194.18;98194.18;0.0;0.0;0.0;0.0;0.0;98201.23;0.0;0.0
59369;1470767;2026-01-22;DAP;K26;201;201;0;0;0.0;97590.49;97590.49;0.0;0.0;0.0;0.0;0.0;97600.61;0.0;0.0
59370;1470768;2026-01-22;DAP;K45;21885;21885;0;0;0.0;25943.75;25943.75;0.0;0.0;0.0;0.0;0.0;26122.52;0.0;0.0
59371;1470769;2026-01-22;DAP;K55;2485;2485;0;0;0.0;13322.33;13322.33;0.0;0.0;0.0;0.0;0.0;13543.54;0.0;0.0
59372;1470770;2026-01-22;DAP;M26;750;750;0;0;0.0;96811.03;96811.03;0.0;0.0;0.0;0.0;0.0;96824.17;0.0;0.0
59373;1470771;2026-01-22;DAP;N26;0;0;0;0;0.0;95772.31;95772.31;0.0;0.0;0.0;0.0;0.0;95791.51;0.0;0.0
59374;1470772;2026-01-22;DAP;Q60;1;1;0;0;0.0;9195.55;9195.55;0.0;0.0;0.0;0.0;0.0;9364.04;0.0;0.0
59375;1470923;2026-01-23;DAP;K27;331368;332031;47;4645;773209457.65;89858.37;89858.37;8.63;8.63;8.67;8.652;8.67;89831.78;0.0;0.0
59376;1470924;2026-01-23;DAP;K29;214003;213064;56;4746;686350676.34;78029.75;78029.75;7.875;7.84;7.875;7.869;7.87;78058.46;0.0;0.0
59377;1470925;2026-01-23;DAP;K31;5596;9075;24;7176;896732380.4;67301.65;67301.65;7.75;7.74;7.82;7.782;7.77;67519.08;0.0;0.0
59378;1470926;2026-01-23;DAP;K33;223694;218923;95;18707;2017948544.62;58001.65;58001.65;7.76;7.71;7.76;7.736;7.725;58270.52;0.0;0.0
59379;1470927;2026-01-23;DAP;K35;461866;461355;142;20561;1936016094.55;50551.43;50551.43;7.665;7.57;7.665;7.601;7.605;50807.61;7.52;7.605
59380;1470928;2026-01-23;DAP;K37;19567;21168;32;7206;589335840.02;43945.21;43945.21;7.53;7.52;7.575;7.555;7.54;44055.72;0.0;7.565
59381;1470929;2026-01-23;DAP;K45;21885;21885;1;1;47823.96;26132.65;26132.65;7.315;7.315;7.315;7.315;7.315;26454.36;0.0;0.0
59382;1470930;2026-01-23;DAP;K55;2485;2491;1;6;145401.84;13548.79;13548.79;7.235;7.235;7.235;7.235;7.235;13758.86;0.0;0.0
59383;1470931;2026-01-23;DAP;Q26;376464;373391;45;8200;1438902650.6;94740.09;94740.09;10.245;10.23;10.28;10.263;10.26;94718.42;0.0;10.26
59384;1470932;2026-01-23;DAP;Q28;375284;375807;64;6385;972506296.53;82194.59;82194.59;8.03;7.99;8.03;8.016;8.02;82207.23;0.0;0.0
59385;1470933;2026-01-23;DAP;Q30;481363;482721;163;28341;3736869724.26;71092.96;71092.96;7.85;7.8;7.9;7.821;7.81;71176.07;0.0;7.82
59386;1470934;2026-01-23;DAP;Q32;322362;322729;109;9135;1040541575.64;61286.94;61286.94;7.805;7.73;7.805;7.75;7.73;61485.56;0.0;7.74
59387;1470935;2026-01-23;DAP;Q40;141472;141536;37;2729;180954900.03;35447.74;35447.74;7.37;7.35;7.38;7.357;7.35;35828.28;0.0;0.0
59388;1470980;2026-01-23;DAP;F27;10382;10382;0;0;0.0;91828.67;91828.67;0.0;0.0;0.0;0.0;0.0;91792.87;0.0;0.0
59389;1470981;2026-01-23;DAP;G26;2070;2070;0;0;0.0;99422.37;99422.37;0.0;0.0;0.0;0.0;0.0;99418.41;0.0;0.0
59390;1470982;2026-01-23;DAP;H26;850;850;0;0;0.0;99031.17;99031.17;0.0;0.0;0.0;0.0;0.0;99024.77;0.0;0.0
59391;1470983;2026-01-23;DAP;J26;950;950;0;0;0.0;98239.32;98239.32;0.0;0.0;0.0;0.0;0.0;98230.3;0.0;0.0
59392;1470984;2026-01-23;DAP;K26;201;201;0;0;0.0;97638.47;97638.47;0.0;0.0;0.0;0.0;0.0;97626.44;0.0;0.0
59393;1470985;2026-01-23;DAP;M26;750;750;0;0;0.0;96861.73;96861.73;0.0;0.0;0.0;0.0;0.0;96849.02;0.0;0.0
59394;1470986;2026-01-23;DAP;N26;0;0;0;0;0.0;95828.67;95828.67;0.0;0.0;0.0;0.0;0.0;95816.27;0.0;0.0
59395;1470987;2026-01-23;DAP;Q50;4372;4372;0;0;0.0;18515.02;18515.02;0.0;0.0;0.0;0.0;0.0;18767.66;0.0;0.0
59396;1470988;2026-01-23;DAP;Q60;1;1;0;0;0.0;9367.67;9367.67;0.0;0.0;0.0;0.0;0.0;9521.04;0.0;0.0
59397;1471145;2026-01-26;DAP;K27;332031;333406;56;10007;1666351308.36;89866.63;89866.63;8.65;8.64;8.68;8.664;8.665;89861.42;0.0;0.0
59398;1471146;2026-01-26;DAP;K29;213064;213692;49;4199;608382431.05;78088.75;78088.75;7.85;7.82;7.87;7.822;7.82;78200.25;7.82;0.0
59399;1471147;2026-01-26;DAP;K31;9075;9218;6;243;30465335.25;67545.28;67545.28;7.725;7.725;7.725;7.725;7.725;67660.99;0.0;0.0
59400;1471148;2026-01-26;DAP;K33;218923;219821;67;6274;679994358.42;58293.13;58293.13;7.71;7.655;7.71;7.672;7.655;58563.21;7.655;0.0
59401;1471149;2026-01-26;DAP;K35;461355;465147;108;18165;1717740590.41;50827.32;50827.32;7.57;7.535;7.605;7.556;7.55;51062.89;7.525;0.0
59402;1471150;2026-01-26;DAP;K37;21168;22968;8;3600;296025163.2;44072.81;44072.81;7.52;7.5;7.52;7.508;7.5;44405.48;0.0;0.0
59403;1471151;2026-01-26;DAP;Q26;373391;372401;57;9356;1642485800.82;94755.17;94755.17;10.26;10.26;10.36;10.284;10.265;94752.77;0.0;10.325
59404;1471152;2026-01-26;DAP;Q28;375807;375698;47;3695;563307287.02;82239.13;82239.13;8.0;7.995;8.02;7.997;7.995;82280.68;0.0;0.0
59405;1471153;2026-01-26;DAP;Q30;482721;482797;131;16670;2202889021.27;71203.69;71203.69;7.82;7.76;7.82;7.779;7.76;71376.37;7.755;7.76
59406;1471154;2026-01-26;DAP;Q32;322729;325561;83;11041;1261590761.62;61509.42;61509.42;7.75;7.685;7.75;7.706;7.685;61745.93;0.0;0.0
59407;1471155;2026-01-26;DAP;Q40;141536;141682;23;1669;110945829.1;35842.18;35842.18;7.35;7.34;7.35;7.342;7.34;35886.7;7.34;0.0
59408;1471197;2026-01-26;DAP;F27;10382;10382;0;0;0.0;91828.49;91828.49;0.0;0.0;0.0;0.0;0.0;91807.48;0.0;0.0
59409;1471198;2026-01-26;DAP;G26;2070;2070;0;0;0.0;99456.98;99456.98;0.0;0.0;0.0;0.0;0.0;99456.01;0.0;0.0
59410;1471199;2026-01-26;DAP;H26;850;850;0;0;0.0;99063.19;99063.19;0.0;0.0;0.0;0.0;0.0;99064.05;0.0;0.0
59411;1471200;2026-01-26;DAP;J26;950;950;0;0;0.0;98268.41;98268.41;0.0;0.0;0.0;0.0;0.0;98264.53;0.0;0.0
59412;1471201;2026-01-26;DAP;K26;201;201;0;0;0.0;97664.32;97664.32;0.0;0.0;0.0;0.0;0.0;97661.95;0.0;0.0
59413;1471202;2026-01-26;DAP;K45;21885;21885;0;0;0.0;26464.62;26464.62;0.0;0.0;0.0;0.0;0.0;26594.57;0.0;0.0
59414;1471203;2026-01-26;DAP;K55;2491;2491;0;0;0.0;13764.2;13764.2;0.0;0.0;0.0;0.0;0.0;13815.09;0.0;0.0
59415;1471204;2026-01-26;DAP;M26;750;750;0;0;0.0;96886.6;96886.6;0.0;0.0;0.0;0.0;0.0;96882.32;0.0;0.0
59416;1471205;2026-01-26;DAP;N26;0;0;0;0;0.0;95853.45;95853.45;0.0;0.0;0.0;0.0;0.0;95852.89;0.0;0.0
59417;1471206;2026-01-26;DAP;Q50;4372;4372;0;0;0.0;18774.94;18774.94;0.0;0.0;0.0;0.0;0.0;18862.8;0.0;0.0
59418;1471207;2026-01-26;DAP;Q60;1;1;0;0;0.0;9524.73;9524.73;0.0;0.0;0.0;0.0;0.0;9600.29;0.0;0.0
59419;1471369;2026-01-27;DAP;K27;333406;333143;41;6118;1019679162.12;89896.29;89896.29;8.64;8.61;8.64;8.629;8.64;89922.89;0.0;0.0
59420;1471370;2026-01-27;DAP;K29;213692;213588;78;10367;1504953545.98;78230.59;78230.59;7.79;7.695;7.8;7.774;7.765;78353.92;0.0;7.77
59421;1471371;2026-01-27;DAP;K31;9218;9495;9;327;41182988.79;67687.24;67687.24;7.71;7.64;7.71;7.641;7.64;67961.82;0.0;0.0
59422;1471372;2026-01-27;DAP;K33;219821;221902;86;8061;877982996.77;58585.93;58585.93;7.64;7.6;7.645;7.606;7.6;58797.79;0.0;0.0
59423;1471373;2026-01-27;DAP;K35;465147;464385;113;18671;1774453585.14;51082.7;51082.7;7.55;7.475;7.55;7.503;7.5;51297.35;7.46;7.51
59424;1471374;2026-01-27;DAP;K37;22968;23517;8;2169;179313567.57;44422.71;44422.71;7.51;7.44;7.51;7.46;7.46;44669.3;0.0;0.0
59425;1471375;2026-01-27;DAP;Q26;372401;372834;37;6548;1150182396.89;94789.53;94789.53;10.26;10.26;10.29;10.28;10.275;94784.81;0.0;10.3
59426;1471376;2026-01-27;DAP;Q28;375698;378050;60;10426;1591946801.0;82312.6;82312.6;7.97;7.945;7.97;7.95;7.945;82402.36;0.0;0.0
59427;1471377;2026-01-27;DAP;Q30;482797;482617;106;22534;2987779647.06;71404.06;71404.06;7.73;7.685;7.74;7.71;7.695;71592.01;0.0;0.0
59428;1471378;2026-01-27;DAP;Q32;325561;328271;91;10967;1259024368.05;61769.89;61769.89;7.675;7.62;7.675;7.636;7.63;61969.76;0.0;7.645
59429;1471379;2026-01-27;DAP;Q40;141682;142224;34;1379;91986181.21;35900.62;35900.62;7.32;7.32;7.32;7.32;7.32;35993.67;0.0;0.0
59430;1471380;2026-01-27;DAP;Q50;4372;4372;1;1;34697.07;18870.12;18870.12;7.11;7.11;7.11;7.11;7.11;19005.98;0.0;0.0
59431;1471423;2026-01-27;DAP;F27;10382;10382;0;0;0.0;91843.1;91843.1;0.0;0.0;0.0;0.0;0.0;91873.67;0.0;0.0
59432;1471424;2026-01-27;DAP;G26;2070;2070;0;0;0.0;99494.6;99494.6;0.0;0.0;0.0;0.0;0.0;99489.81;0.0;0.0
59433;1471425;2026-01-27;DAP;H26;850;850;0;0;0.0;99102.49;99102.49;0.0;0.0;0.0;0.0;0.0;99095.8;0.0;0.0
59434;1471426;2026-01-27;DAP;J26;950;950;0;0;0.0;98302.66;98302.66;0.0;0.0;0.0;0.0;0.0;98296.58;0.0;0.0
59435;1471427;2026-01-27;DAP;K26;201;201;0;0;0.0;97699.84;97699.84;0.0;0.0;0.0;0.0;0.0;97694.48;0.0;0.0
59436;1471428;2026-01-27;DAP;K45;21885;21885;0;0;0.0;26604.89;26604.89;0.0;0.0;0.0;0.0;0.0;26730.71;0.0;0.0
59437;1471429;2026-01-27;DAP;K55;2491;2491;0;0;0.0;13820.45;13820.45;0.0;0.0;0.0;0.0;0.0;13954.8;0.0;0.0
59438;1471430;2026-01-27;DAP;M26;750;750;0;0;0.0;96919.91;96919.91;0.0;0.0;0.0;0.0;0.0;96916.62;0.0;0.0
59439;1471431;2026-01-27;DAP;N26;0;0;0;0;0.0;95890.08;95890.08;0.0;0.0;0.0;0.0;0.0;95890.69;0.0;0.0
59440;1471432;2026-01-27;DAP;Q60;1;1;0;0;0.0;9604.01;9604.01;0.0;0.0;0.0;0.0;0.0;9708.2;0.0;0.0
59441;1471593;2026-01-28;DAP;K27;333143;331580;66;5413;903240199.46;89968.82;89968.82;8.64;8.565;8.64;8.571;8.565;90031.88;0.0;0.0
59442;1471594;2026-01-28;DAP;K29;213588;214423;64;2936;427115984.88;78393.94;78393.94;7.765;7.7;7.765;7.719;7.7;78507.64;0.0;7.72
59443;1471595;2026-01-28;DAP;K31;9495;11843;27;6374;804474513.88;67996.53;67996.53;7.71;7.59;7.71;7.606;7.61;68081.09;7.575;0.0
59444;1471596;2026-01-28;DAP;K33;221902;223972;82;6533;713743725.0;58827.82;58827.82;7.595;7.525;7.595;7.567;7.57;58953.7;0.0;7.59
59445;1471597;2026-01-28;DAP;K35;464385;464601;141;22533;2148625921.86;51323.55;51323.55;7.5;7.44;7.51;7.469;7.455;51510.67;7.42;0.0
59446;1471598;2026-01-28;DAP;K37;23517;25921;16;4911;407704472.97;44692.12;44692.12;7.42;7.42;7.43;7.425;7.42;44812.82;0.0;0.0
59447;1471599;2026-01-28;DAP;Q26;372834;374646;66;9881;1736934455.59;94833.23;94833.23;10.26;10.23;10.26;10.241;10.24;94837.97;0.0;10.28
59448;1471600;2026-01-28;DAP;Q28;378050;376858;68;7423;1135591715.52;82444.45;82444.45;7.945;7.875;7.945;7.889;7.875;82562.63;0.0;7.89
59449;1471601;2026-01-28;DAP;Q30;482617;482620;144;27107;3604639653.22;71628.58;71628.58;7.695;7.6;7.695;7.651;7.635;71778.03;0.0;0.0
59450;1471602;2026-01-28;DAP;Q32;328271;329710;160;16059;1849617246.78;62001.41;62001.41;7.61;7.565;7.625;7.589;7.57;62213.07;0.0;0.0
59451;1471603;2026-01-28;DAP;Q40;142224;141067;32;3041;203487511.47;36012.06;36012.06;7.3;7.3;7.3;7.3;7.3;36100.92;0.0;0.0
59452;1471645;2026-01-28;DAP;F27;10382;10382;0;0;0.0;91920.6;91920.6;0.0;0.0;0.0;0.0;0.0;91938.04;0.0;0.0
59453;1471646;2026-01-28;DAP;G26;2070;2070;0;0;0.0;99540.63;99540.63;0.0;0.0;0.0;0.0;0.0;99510.69;0.0;0.0
59454;1471647;2026-01-28;DAP;H26;850;850;0;0;0.0;99146.42;99146.42;0.0;0.0;0.0;0.0;0.0;99119.96;0.0;0.0
59455;1471648;2026-01-28;DAP;J26;950;950;0;0;0.0;98346.79;98346.79;0.0;0.0;0.0;0.0;0.0;98326.39;0.0;0.0
59456;1471649;2026-01-28;DAP;K26;201;201;0;0;0.0;97744.38;97744.38;0.0;0.0;0.0;0.0;0.0;97727.76;0.0;0.0
59457;1471650;2026-01-28;DAP;K45;21885;21885;0;0;0.0;26744.36;26744.36;0.0;0.0;0.0;0.0;0.0;26800.3;0.0;0.0
59458;1471651;2026-01-28;DAP;K55;2491;2491;0;0;0.0;13961.93;13961.93;0.0;0.0;0.0;0.0;0.0;14004.19;0.0;0.0
59459;1471652;2026-01-28;DAP;M26;750;750;0;0;0.0;96966.13;96966.13;0.0;0.0;0.0;0.0;0.0;96954.14;0.0;0.0
59460;1471653;2026-01-28;DAP;N26;0;0;0;0;0.0;95939.67;95939.67;0.0;0.0;0.0;0.0;0.0;95936.37;0.0;0.0
59461;1471654;2026-01-28;DAP;Q50;4372;4372;0;0;0.0;19015.69;19015.69;0.0;0.0;0.0;0.0;0.0;19067.51;0.0;0.0
59462;1471655;2026-01-28;DAP;Q60;1;1;0;0;0.0;9713.16;9713.16;0.0;0.0;0.0;0.0;0.0;9748.27;0.0;0.0
59463;1471817;2026-01-29;DAP;K27;331580;329898;49;3961;661666666.06;90068.03;90068.03;8.56;8.5;8.56;8.509;8.51;90119.4;0.0;8.58
59464;1471818;2026-01-29;DAP;K29;214423;219487;83;11703;1707241163.71;78539.16;78539.16;7.705;7.625;7.71;7.638;7.625;78732.78;0.0;7.635
59465;1471819;2026-01-29;DAP;K31;11843;19267;23;12420;1573026174.1;68108.42;68108.42;7.55;7.52;7.55;7.541;7.545;68316.78;7.51;0.0
59466;1471820;2026-01-29;DAP;K33;223972;225897;72;5759;631072451.89;58977.37;58977.37;7.535;7.515;7.55;7.528;7.515;59169.66;0.0;7.525
59467;1471821;2026-01-29;DAP;K35;464601;462429;122;17182;1647957760.17;51531.35;51531.35;7.455;7.39;7.455;7.405;7.4;51724.79;7.38;7.4
59468;1471822;2026-01-29;DAP;K37;25921;26124;4;210;17530718.1;44830.81;44830.81;7.375;7.375;7.375;7.375;7.375;45036.6;7.33;0.0
59469;1471823;2026-01-29;DAP;Q26;374646;376734;42;6275;1103637174.87;94876.05;94876.05;10.24;10.21;10.24;10.217;10.21;94888.61;10.16;10.24
59470;1471824;2026-01-29;DAP;Q28;376858;376876;72;9569;1466962913.23;82595.78;82595.78;7.83;7.81;7.83;7.813;7.81;82713.19;7.8;0.0
59471;1471825;2026-01-29;DAP;Q30;482620;479969;204;53021;7068002221.71;71806.85;71806.85;7.635;7.57;7.645;7.6;7.59;71934.23;0.0;7.6
59472;1471826;2026-01-29;DAP;Q32;329710;334745;162;40459;4675138552.73;62238.05;62238.05;7.57;7.525;7.59;7.541;7.53;62344.02;0.0;7.54
59473;1471827;2026-01-29;DAP;Q40;141067;141150;17;974;65580852.45;36115.41;36115.41;7.29;7.25;7.29;7.256;7.25;36355.16;0.0;7.3
59474;1471868;2026-01-29;DAP;F27;10382;10382;0;0;0.0;91974.95;91974.95;0.0;0.0;0.0;0.0;0.0;91999.0;0.0;0.0
59475;1471869;2026-01-29;DAP;G26;2070;2070;0;0;0.0;99550.64;99550.64;0.0;0.0;0.0;0.0;0.0;99545.62;0.0;0.0
59476;1471870;2026-01-29;DAP;H26;850;850;0;0;0.0;99159.76;99159.76;0.0;0.0;0.0;0.0;0.0;99151.19;0.0;0.0
59477;1471871;2026-01-29;DAP;J26;950;950;0;0;0.0;98365.87;98365.87;0.0;0.0;0.0;0.0;0.0;98356.48;0.0;0.0
59478;1471872;2026-01-29;DAP;K26;201;201;0;0;0.0;97767.0;97767.0;0.0;0.0;0.0;0.0;0.0;97758.2;0.0;0.0
59479;1471873;2026-01-29;DAP;K45;21885;21885;0;0;0.0;26811.06;26811.06;0.0;0.0;0.0;0.0;0.0;26898.91;0.0;0.0
59480;1471874;2026-01-29;DAP;K55;2491;2491;0;0;0.0;14009.81;14009.81;0.0;0.0;0.0;0.0;0.0;14118.9;0.0;0.0
59481;1471875;2026-01-29;DAP;M26;750;750;0;0;0.0;96993.07;96993.07;0.0;0.0;0.0;0.0;0.0;96988.67;0.0;0.0
59482;1471876;2026-01-29;DAP;N26;0;0;0;0;0.0;95974.89;95974.89;0.0;0.0;0.0;0.0;0.0;95976.0;0.0;0.0
59483;1471877;2026-01-29;DAP;Q50;4372;4372;0;0;0.0;19075.17;19075.17;0.0;0.0;0.0;0.0;0.0;19216.61;0.0;0.0
59484;1471878;2026-01-29;DAP;Q60;1;1;0;0;0.0;9752.18;9752.18;0.0;0.0;0.0;0.0;0.0;9892.7;0.0;0.0
59485;1472040;2026-01-30;DAP;K27;329898;333167;37;5377;898632529.93;90155.47;90155.47;8.49;8.49;8.51;8.509;8.51;90148.61;0.0;0.0
59486;1472041;2026-01-30;DAP;K29;219487;226641;68;12814;1870665320.11;78764.29;78764.29;7.625;7.62;7.685;7.628;7.635;78731.96;0.0;0.0
59487;1472042;2026-01-30;DAP;K31;19267;23014;25;6502;822761333.53;68344.12;68344.12;7.58;7.56;7.58;7.568;7.565;68270.02;7.53;0.0
59488;1472043;2026-01-30;DAP;K33;225897;225208;55;3703;405601687.39;59193.34;59193.34;7.51;7.505;7.55;7.54;7.55;59047.4;7.53;0.0
59489;1472044;2026-01-30;DAP;K35;462429;464325;79;6532;626620202.18;51745.49;51745.49;7.41;7.395;7.42;7.408;7.41;51761.67;7.41;0.0
59490;1472045;2026-01-30;DAP;K37;26124;29303;23;10747;896954337.08;45054.62;45054.62;7.41;7.36;7.41;7.381;7.38;45025.82;0.0;0.0
59491;1472046;2026-01-30;DAP;K45;21885;21885;1;1;51431.9;26909.67;26909.67;6.92;6.92;6.92;6.92;6.92;26819.71;0.0;0.0
59492;1472047;2026-01-30;DAP;K55;2491;2490;1;1;27258.15;14124.55;14124.55;6.81;6.81;6.81;6.81;6.81;14103.48;0.0;0.0
59493;1472048;2026-01-30;DAP;Q26;376734;376174;41;10739;1889627168.28;94926.58;94926.58;10.21;10.21;10.25;10.233;10.22;94920.6;0.0;0.0
59494;1472049;2026-01-30;DAP;Q28;376876;376900;52;2307;353833752.33;82746.29;82746.29;7.83;7.81;7.855;7.813;7.81;82737.88;0.0;0.0
59495;1472050;2026-01-30;DAP;Q30;479969;478385;64;8709;1160940214.57;71963.02;71963.02;7.58;7.58;7.63;7.611;7.63;71910.04;7.615;7.635
59496;1472051;2026-01-30;DAP;Q32;334745;332115;91;10366;1197818021.95;62368.97;62368.97;7.54;7.53;7.565;7.548;7.55;62324.35;0.0;7.59
59497;1472052;2026-01-30;DAP;Q40;141150;141582;28;2390;160940012.8;36369.71;36369.71;7.23;7.23;7.28;7.258;7.28;36365.25;7.28;7.3
59498;1472053;2026-01-30;DAP;Q50;4372;4372;1;3;111079.38;19224.3;19224.3;6.83;6.83;6.83;6.83;6.83;19173.66;0.0;0.0
59499;1472096;2026-01-30;DAP;F27;10382;10382;0;0;0.0;92035.82;92035.82;0.0;0.0;0.0;0.0;0.0;92027.13;0.0;0.0
59500;1472097;2026-01-30;DAP;G26;2070;2070;0;0;0.0;99585.46;99585.46;0.0;0.0;0.0;0.0;0.0;99567.08;0.0;0.0
59501;1472098;2026-01-30;DAP;H26;850;850;0;0;0.0;99190.87;99190.87;0.0;0.0;0.0;0.0;0.0;99081.35;0.0;0.0
59502;1472099;2026-01-30;DAP;J26;950;950;0;0;0.0;98395.84;98395.84;0.0;0.0;0.0;0.0;0.0;98394.38;0.0;0.0
59503;1472100;2026-01-30;DAP;K26;201;201;0;0;0.0;97797.32;97797.32;0.0;0.0;0.0;0.0;0.0;97794.94;0.0;0.0
59504;1472101;2026-01-30;DAP;M26;750;750;0;0;0.0;97027.48;97027.48;0.0;0.0;0.0;0.0;0.0;97025.41;0.0;0.0
59505;1472102;2026-01-30;DAP;N26;0;0;0;0;0.0;96014.41;96014.41;0.0;0.0;0.0;0.0;0.0;96014.4;0.0;0.0
59506;1472103;2026-01-30;DAP;Q60;1;1;0;0;0.0;9896.66;9896.66;0.0;0.0;0.0;0.0;0.0;9889.0;0.0;0.0
59507;1472263;2026-02-02;DAP;F27;10382;11347;7;1315;224636392.25;92064.09;92064.09;9.1;9.1;9.12;9.104;9.12;92119.56;9.1;0.0
59508;1472264;2026-02-02;DAP;K27;333167;334152;39;3060;511825495.14;90184.81;90184.81;8.51;8.47;8.51;8.479;8.47;90219.93;0.0;0.0
59509;1472265;2026-02-02;DAP;K29;226641;226670;59;9344;1364459425.8;78763.58;78763.58;7.635;7.61;7.65;7.634;7.65;78719.34;0.0;0.0
59510;1472266;2026-02-02;DAP;K31;23014;24296;12;1818;229918008.48;68297.44;68297.44;7.59;7.58;7.59;7.589;7.59;68206.83;7.56;0.0
59511;1472267;2026-02-02;DAP;K33;225208;228303;55;5845;638678287.71;59071.11;59071.11;7.55;7.55;7.585;7.583;7.585;58925.6;0.0;0.0
59512;1472268;2026-02-02;DAP;K35;464325;471626;88;14891;1426116776.35;51782.46;51782.46;7.405;7.405;7.44;7.433;7.44;51621.14;7.41;7.47
59513;1472269;2026-02-02;DAP;K37;29303;34411;22;11004;917069278.5;45043.9;45043.9;7.4;7.38;7.41;7.399;7.41;44897.82;7.37;0.0
59514;1472270;2026-02-02;DAP;Q26;376174;378751;46;7031;1238394839.11;94958.72;94958.72;10.23;10.105;10.23;10.139;10.15;95009.99;10.13;10.22
59515;1472271;2026-02-02;DAP;Q28;376900;378741;66;7319;1123880770.09;82771.11;82771.11;7.775;7.77;7.8;7.781;7.78;82820.54;7.78;0.0
59516;1472272;2026-02-02;DAP;Q30;478385;480218;84;14290;1904962363.12;71938.92;71938.92;7.61;7.61;7.63;7.621;7.625;71885.95;7.62;7.65
59517;1472273;2026-02-02;DAP;Q32;332115;332520;68;7827;903104704.65;62349.38;62349.38;7.55;7.55;7.59;7.579;7.58;62229.57;7.57;7.58
59518;1472274;2026-02-02;DAP;Q40;141582;146336;32;5628;377259981.95;36379.85;36379.85;7.295;7.295;7.305;7.295;7.305;36155.55;7.305;7.31
59519;1472318;2026-02-02;DAP;G26;2070;2070;0;0;0.0;99607.07;99607.07;0.0;0.0;0.0;0.0;0.0;99606.9;0.0;0.0
59520;1472319;2026-02-02;DAP;H26;850;850;0;0;0.0;99121.14;99121.14;0.0;0.0;0.0;0.0;0.0;99104.76;0.0;0.0
59521;1472320;2026-02-02;DAP;J26;950;950;0;0;0.0;98433.9;98433.9;0.0;0.0;0.0;0.0;0.0;98416.01;0.0;0.0
59522;1472321;2026-02-02;DAP;K26;201;201;0;0;0.0;97834.21;97834.21;0.0;0.0;0.0;0.0;0.0;97817.7;0.0;0.0
59523;1472322;2026-02-02;DAP;K45;21885;21885;0;0;0.0;26830.48;26830.48;0.0;0.0;0.0;0.0;0.0;26664.39;0.0;0.0
59524;1472323;2026-02-02;DAP;K55;2490;2490;0;0;0.0;14109.14;14109.14;0.0;0.0;0.0;0.0;0.0;13966.0;0.0;0.0
59525;1472324;2026-02-02;DAP;M26;750;750;0;0;0.0;97064.38;97064.38;0.0;0.0;0.0;0.0;0.0;97051.04;0.0;0.0
59526;1472325;2026-02-02;DAP;N26;0;0;0;0;0.0;96052.96;96052.96;0.0;0.0;0.0;0.0;0.0;96048.88;0.0;0.0
59527;1472326;2026-02-02;DAP;Q50;4372;4372;0;0;0.0;19181.36;19181.36;0.0;0.0;0.0;0.0;0.0;19022.2;0.0;0.0
59528;1472327;2026-02-02;DAP;Q60;1;1;0;0;0.0;9892.97;9892.97;0.0;0.0;0.0;0.0;0.0;9765.53;0.0;0.0
59529;1472489;2026-02-03;DAP;G26;2070;2089;1;19;3510988.72;99646.9;99646.9;10.4;10.4;10.4;10.4;10.4;99646.27;0.0;0.0
59530;1472490;2026-02-03;DAP;K27;334152;334894;55;6692;1120466094.28;90256.16;90256.16;8.48;8.405;8.48;8.432;8.405;90317.33;0.0;8.42
59531;1472491;2026-02-03;DAP;K29;226670;225906;97;11426;1669820432.2;78750.95;78750.95;7.63;7.61;7.67;7.622;7.61;78837.3;0.0;0.0
59532;1472492;2026-02-03;DAP;K31;24296;27832;21;9766;1237812283.99;68234.22;68234.22;7.56;7.535;7.565;7.553;7.535;68409.2;0.0;0.0
59533;1472493;2026-02-03;DAP;K33;228303;228370;56;8780;962566917.12;58949.26;58949.26;7.55;7.53;7.575;7.54;7.545;59101.39;7.545;7.56
59534;1472494;2026-02-03;DAP;K35;471626;472229;94;9352;897751947.14;51641.87;51641.87;7.42;7.38;7.42;7.41;7.42;51724.45;7.38;7.42
59535;1472495;2026-02-03;DAP;K37;34411;38846;27;7745;645130892.22;44915.85;44915.85;7.405;7.39;7.43;7.408;7.4;44817.02;0.0;0.0
59536;1472496;2026-02-03;DAP;Q26;378751;376558;39;3883;684181035.18;95048.15;95048.15;10.2;10.165;10.2;10.173;10.165;95018.97;0.0;10.22
59537;1472497;2026-02-03;DAP;Q28;378741;378610;59;1861;286158300.47;82853.8;82853.8;7.77;7.74;7.77;7.742;7.74;82922.45;0.0;7.76
59538;1472498;2026-02-03;DAP;Q30;480218;479381;149;18512;2471909511.12;71914.82;71914.82;7.6;7.565;7.615;7.591;7.58;72042.01;0.0;0.0
59539;1472499;2026-02-03;DAP;Q32;332520;326177;133;20408;2359383574.6;62254.56;62254.56;7.56;7.525;7.575;7.554;7.525;62454.49;7.5;7.525
59540;1472500;2026-02-03;DAP;Q40;146336;145725;35;4857;325107836.4;36170.07;36170.07;7.29;7.26;7.34;7.309;7.33;35947.27;0.0;0.0
59541;1472540;2026-02-03;DAP;F27;11347;11347;0;0;0.0;92156.56;92156.56;0.0;0.0;0.0;0.0;0.0;92151.47;0.0;0.0
59542;1472541;2026-02-03;DAP;H26;850;850;0;0;0.0;99144.56;99144.56;0.0;0.0;0.0;0.0;0.0;99146.79;0.0;0.0
59543;1472542;2026-02-03;DAP;J26;950;950;0;0;0.0;98455.53;98455.53;0.0;0.0;0.0;0.0;0.0;98457.07;0.0;0.0
59544;1472543;2026-02-03;DAP;K26;201;201;0;0;0.0;97856.98;97856.98;0.0;0.0;0.0;0.0;0.0;97861.65;0.0;0.0
59545;1472544;2026-02-03;DAP;K45;21885;21885;0;0;0.0;26675.1;26675.1;0.0;0.0;0.0;0.0;0.0;26571.75;0.0;0.0
59546;1472545;2026-02-03;DAP;K55;2490;2490;0;0;0.0;13971.61;13971.61;0.0;0.0;0.0;0.0;0.0;13894.0;0.0;0.0
59547;1472546;2026-02-03;DAP;M26;750;750;0;0;0.0;97090.02;97090.02;0.0;0.0;0.0;0.0;0.0;97099.26;0.0;0.0
59548;1472547;2026-02-03;DAP;N26;0;0;0;0;0.0;96087.45;96087.45;0.0;0.0;0.0;0.0;0.0;96102.15;0.0;0.0
59549;1472548;2026-02-03;DAP;Q50;4372;4372;0;0;0.0;19029.84;19029.84;0.0;0.0;0.0;0.0;0.0;18915.04;0.0;0.0
59550;1472549;2026-02-03;DAP;Q60;1;1;0;0;0.0;9769.45;9769.45;0.0;0.0;0.0;0.0;0.0;9705.72;0.0;0.0
59551;1472712;2026-02-04;DAP;F27;11347;11647;1;300;51300735.0;92188.48;92188.48;9.1;9.1;9.1;9.1;9.1;92214.13;9.08;0.0
59552;1472713;2026-02-04;DAP;K27;334894;336032;41;2323;389197543.29;90353.6;90353.6;8.41;8.39;8.42;8.417;8.42;90330.54;8.39;8.43
59553;1472714;2026-02-04;DAP;K29;225906;225531;41;2714;396526184.76;78868.96;78868.96;7.61;7.61;7.65;7.646;7.65;78765.4;0.0;0.0
59554;1472715;2026-02-04;DAP;K31;27832;29345;12;1830;231768289.75;68436.67;68436.67;7.55;7.55;7.585;7.578;7.585;68256.38;0.0;7.59
59555;1472716;2026-02-04;DAP;K33;228370;229258;65;4578;501147758.01;59125.13;59125.13;7.545;7.545;7.575;7.569;7.575;58999.42;7.53;7.575
59556;1472717;2026-02-04;DAP;K35;472229;472021;70;3952;378572678.36;51745.22;51745.22;7.42;7.42;7.445;7.44;7.445;51628.42;7.425;0.0
59557;1472718;2026-02-04;DAP;K37;38846;38789;18;3693;307445104.27;44835.02;44835.02;7.425;7.405;7.425;7.417;7.405;44876.51;7.405;0.0
59558;1472719;2026-02-04;DAP;Q26;376558;375960;40;3715;655041080.0;95057.13;95057.13;10.165;10.125;10.165;10.137;10.125;95073.56;10.125;10.16
59559;1472720;2026-02-04;DAP;Q28;378610;378504;53;2091;321463520.74;82955.75;82955.75;7.74;7.74;7.775;7.769;7.775;82879.45;0.0;8.0
59560;1472721;2026-02-04;DAP;Q30;479381;479326;95;9494;1266818655.86;72070.94;72070.94;7.58;7.58;7.64;7.619;7.635;71897.93;7.605;0.0
59561;1472722;2026-02-04;DAP;Q32;326177;324522;86;12293;1420553408.28;62479.57;62479.57;7.525;7.525;7.585;7.569;7.575;62246.91;7.555;7.575
59562;1472723;2026-02-04;DAP;Q40;145725;145277;36;2736;183405313.4;35961.71;35961.71;7.33;7.3;7.33;7.301;7.3;36151.43;0.0;0.0
59563;1472766;2026-02-04;DAP;G26;2089;2089;0;0;0.0;99686.29;99686.29;0.0;0.0;0.0;0.0;0.0;99686.03;0.0;0.0
59564;1472767;2026-02-04;DAP;H26;850;850;0;0;0.0;99186.61;99186.61;0.0;0.0;0.0;0.0;0.0;99189.22;0.0;0.0
59565;1472768;2026-02-04;DAP;J26;950;950;0;0;0.0;98496.61;98496.61;0.0;0.0;0.0;0.0;0.0;98498.11;0.0;0.0
59566;1472769;2026-02-04;DAP;K26;201;201;0;0;0.0;97900.95;97900.95;0.0;0.0;0.0;0.0;0.0;97904.06;0.0;0.0
59567;1472770;2026-02-04;DAP;K45;21885;21885;0;0;0.0;26582.42;26582.42;0.0;0.0;0.0;0.0;0.0;26441.68;0.0;0.0
59568;1472771;2026-02-04;DAP;K55;2490;2490;0;0;0.0;13899.58;13899.58;0.0;0.0;0.0;0.0;0.0;13796.14;0.0;0.0
59569;1472772;2026-02-04;DAP;M26;750;750;0;0;0.0;97138.26;97138.26;0.0;0.0;0.0;0.0;0.0;97144.39;0.0;0.0
59570;1472773;2026-02-04;DAP;N26;0;0;0;0;0.0;96140.74;96140.74;0.0;0.0;0.0;0.0;0.0;96002.81;0.0;0.0
59571;1472774;2026-02-04;DAP;Q50;4372;4372;0;0;0.0;18922.64;18922.64;0.0;0.0;0.0;0.0;0.0;18795.72;0.0;0.0
59572;1472775;2026-02-04;DAP;Q60;1;1;0;0;0.0;9709.62;9709.62;0.0;0.0;0.0;0.0;0.0;9646.29;0.0;0.0
59573;1472936;2026-02-05;DAP;K27;336032;340272;62;9879;1656090773.09;90366.82;90366.82;8.43;8.4;8.43;8.408;8.42;90359.52;0.0;0.0
59574;1472937;2026-02-05;DAP;K29;225531;224118;55;5192;759235774.46;78797.03;78797.03;7.62;7.62;7.645;7.631;7.64;78812.12;0.0;0.0
59575;1472938;2026-02-05;DAP;K31;29345;31485;27;5097;645773379.54;68283.79;68283.79;7.555;7.52;7.595;7.579;7.575;68249.71;7.565;7.595
59576;1472939;2026-02-05;DAP;K33;229258;230578;67;8682;951926826.55;59023.11;59023.11;7.55;7.52;7.555;7.552;7.555;59095.82;7.545;0.0
59577;1472940;2026-02-05;DAP;K35;472021;469811;71;5170;495763113.95;51649.15;51649.15;7.43;7.41;7.445;7.433;7.445;51643.14;7.425;0.0
59578;1472941;2026-02-05;DAP;K37;38789;38834;13;1294;107737826.52;44894.53;44894.53;7.41;7.41;7.425;7.421;7.425;44865.88;0.0;0.0
59579;1472942;2026-02-05;DAP;K45;21885;21789;1;587;28789362.17;26452.3;26452.3;7.195;7.195;7.195;7.195;7.195;26448.97;0.0;0.0
59580;1472943;2026-02-05;DAP;K55;2490;2513;1;62;1587972.52;13801.68;13801.68;7.045;7.045;7.045;7.045;7.045;13781.14;0.0;0.0
59581;1472944;2026-02-05;DAP;Q26;375960;375645;60;11926;2103587806.61;95111.74;95111.74;10.16;10.16;10.21;10.174;10.21;95089.76;0.0;10.21
59582;1472945;2026-02-05;DAP;Q28;378504;379940;60;5564;855964347.14;82912.73;82912.73;7.77;7.73;7.775;7.759;7.77;82913.71;7.77;7.78
59583;1472946;2026-02-05;DAP;Q30;479326;476874;89;15044;2009695195.92;71926.8;71926.8;7.61;7.58;7.63;7.602;7.63;71933.89;7.615;0.0
59584;1472947;2026-02-05;DAP;Q32;324522;325254;104;11254;1301470122.81;62271.91;62271.91;7.56;7.53;7.585;7.564;7.58;62264.97;7.54;7.58
59585;1472948;2026-02-05;DAP;Q40;145277;145116;31;1309;87837444.19;36165.95;36165.95;7.29;7.29;7.31;7.297;7.3;36161.54;7.3;0.0
59586;1472949;2026-02-05;DAP;Q50;4372;4571;1;575;20053280.25;18803.27;18803.27;7.1;7.1;7.1;7.1;7.1;18758.12;0.0;7.16
59587;1472950;2026-02-05;DAP;Q60;1;193;1;192;3434323.2;9650.16;9650.16;7.055;7.055;7.055;7.055;7.055;9587.26;0.0;0.0
59588;1472995;2026-02-05;DAP;F27;11647;11647;0;0;0.0;92251.16;92251.16;0.0;0.0;0.0;0.0;0.0;92253.01;0.0;0.0
59589;1472996;2026-02-05;DAP;G26;2089;2089;0;0;0.0;99726.06;99726.06;0.0;0.0;0.0;0.0;0.0;99723.21;0.0;0.0
59590;1472997;2026-02-05;DAP;H26;850;850;0;0;0.0;99229.05;99229.05;0.0;0.0;0.0;0.0;0.0;99222.83;0.0;0.0
59591;1472998;2026-02-05;DAP;J26;950;950;0;0;0.0;98537.67;98537.67;0.0;0.0;0.0;0.0;0.0;98522.7;0.0;0.0
59592;1472999;2026-02-05;DAP;K26;201;201;0;0;0.0;97943.38;97943.38;0.0;0.0;0.0;0.0;0.0;97923.41;0.0;0.0
59593;1473000;2026-02-05;DAP;M26;750;750;0;0;0.0;97183.4;97183.4;0.0;0.0;0.0;0.0;0.0;97159.67;0.0;0.0
59594;1473001;2026-02-05;DAP;N26;0;0;0;0;0.0;96041.36;96041.36;0.0;0.0;0.0;0.0;0.0;96027.52;0.0;0.0
59595;1473160;2026-02-06;DAP;F27;11647;11807;3;208;35590239.48;92290.07;92290.07;9.12;9.12;9.15;9.144;9.15;92223.82;0.0;0.0
59596;1473161;2026-02-06;DAP;G26;2089;2689;2;600;111028578.0;99763.27;99763.27;11.11;11.11;11.81;11.46;11.81;99762.34;0.0;0.0
59597;1473162;2026-02-06;DAP;K27;340272;341284;40;2592;434630790.39;90395.82;90395.82;8.42;8.4;8.45;8.426;8.43;90378.09;0.0;0.0
59598;1473163;2026-02-06;DAP;K29;224118;224088;51;3198;467502207.27;78843.78;78843.78;7.64;7.61;7.675;7.656;7.675;78752.41;0.0;0.0
59599;1473164;2026-02-06;DAP;K31;31485;35122;15;3932;498502391.32;68277.13;68277.13;7.57;7.57;7.62;7.574;7.62;68186.88;0.0;0.0
59600;1473165;2026-02-06;DAP;K33;230578;230305;64;2414;264062164.62;59119.56;59119.56;7.555;7.54;7.61;7.593;7.61;58895.16;7.57;7.61
59601;1473166;2026-02-06;DAP;K35;469811;470337;77;3680;351416988.38;51663.89;51663.89;7.445;7.43;7.5;7.487;7.5;51415.25;7.445;0.0
59602;1473167;2026-02-06;DAP;K37;38834;40879;17;5834;483429559.1;44883.9;44883.9;7.42;7.42;7.48;7.47;7.47;44668.87;0.0;0.0
59603;1473168;2026-02-06;DAP;Q26;375645;376885;53;11698;2064076641.5;95127.96;95127.96;10.175;10.175;10.22;10.215;10.22;95104.05;0.0;0.0
59604;1473169;2026-02-06;DAP;Q28;379940;380448;72;7021;1080482841.31;82947.02;82947.02;7.765;7.735;7.8;7.764;7.775;82928.71;0.0;7.8
59605;1473170;2026-02-06;DAP;Q30;476874;476995;97;13346;1781659955.57;71962.79;71962.79;7.63;7.59;7.655;7.629;7.655;71880.12;7.625;0.0
59606;1473171;2026-02-06;DAP;Q32;325254;325417;63;2122;244783831.21;62289.98;62289.98;7.575;7.55;7.63;7.613;7.615;62170.68;7.565;0.0
59607;1473172;2026-02-06;DAP;Q40;145116;145740;31;2161;144311904.33;36176.07;36176.07;7.3;7.3;7.35;7.336;7.345;35953.42;0.0;7.345
59608;1473212;2026-02-06;DAP;H26;850;850;0;0;0.0;99262.69;99262.69;0.0;0.0;0.0;0.0;0.0;99262.8;0.0;0.0
59609;1473213;2026-02-06;DAP;J26;950;950;0;0;0.0;98562.28;98562.28;0.0;0.0;0.0;0.0;0.0;98558.48;0.0;0.0
59610;1473214;2026-02-06;DAP;K26;201;201;0;0;0.0;97962.75;97962.75;0.0;0.0;0.0;0.0;0.0;97957.58;0.0;0.0
59611;1473215;2026-02-06;DAP;K45;21789;21789;0;0;0.0;26459.59;26459.59;0.0;0.0;0.0;0.0;0.0;26333.72;0.0;0.0
59612;1473216;2026-02-06;DAP;K55;2513;2513;0;0;0.0;13786.68;13786.68;0.0;0.0;0.0;0.0;0.0;13691.58;0.0;0.0
59613;1473217;2026-02-06;DAP;M26;750;750;0;0;0.0;97198.7;97198.7;0.0;0.0;0.0;0.0;0.0;97194.04;0.0;0.0
59614;1473218;2026-02-06;DAP;N26;0;0;0;0;0.0;96066.09;96066.09;0.0;0.0;0.0;0.0;0.0;96064.31;0.0;0.0
59615;1473219;2026-02-06;DAP;Q50;4571;4571;0;0;0.0;18765.66;18765.66;0.0;0.0;0.0;0.0;0.0;18648.37;0.0;0.0
59616;1473220;2026-02-06;DAP;Q60;193;193;0;0;0.0;9591.11;9591.11;0.0;0.0;0.0;0.0;0.0;9516.41;0.0;0.0
59617;1473384;2026-02-09;DAP;G26;2689;5101;10;4093;757675529.08;99802.41;99802.41;12.325;12.325;12.89;12.681;12.81;99801.68;0.0;13.5
59618;1473385;2026-02-09;DAP;K27;341284;340438;56;8018;1344690413.81;90414.39;90414.39;8.415;8.415;8.455;8.453;8.45;90381.16;0.0;8.455
59619;1473386;2026-02-09;DAP;K29;224088;224626;87;5017;733150301.89;78784.04;78784.04;7.65;7.65;7.7;7.683;7.695;78728.33;7.695;7.7
59620;1473387;2026-02-09;DAP;K31;35122;39014;55;16138;2042967460.97;68214.27;68214.27;7.62;7.605;7.635;7.614;7.635;68157.25;0.0;0.0
59621;1473388;2026-02-09;DAP;K33;230305;231529;56;3660;400360611.91;58918.82;58918.82;7.61;7.575;7.61;7.599;7.6;58951.82;0.0;7.61
59622;1473389;2026-02-09;DAP;K35;470337;471791;102;8187;781445260.76;51435.9;51435.9;7.5;7.47;7.5;7.497;7.5;51430.01;0.0;7.51
59623;1473390;2026-02-09;DAP;K37;40879;41822;22;4548;377460759.72;44686.81;44686.81;7.46;7.46;7.46;7.46;7.46;44728.16;0.0;0.0
59624;1473391;2026-02-09;DAP;K45;21789;21789;1;11;551160.28;26344.3;26344.3;7.08;7.08;7.08;7.08;7.08;26444.66;0.0;0.0
59625;1473392;2026-02-09;DAP;Q26;376885;376973;55;11124;1963574576.38;95142.25;95142.25;10.215;10.17;10.26;10.245;10.25;95127.52;10.25;10.3
59626;1473393;2026-02-09;DAP;Q28;380448;381225;84;4864;747934258.44;82962.02;82962.02;7.785;7.785;7.84;7.818;7.83;82857.38;7.83;7.84
59627;1473394;2026-02-09;DAP;Q30;476995;476691;99;8337;1111954412.4;71908.99;71908.99;7.66;7.645;7.67;7.662;7.67;71856.38;7.66;7.68
59628;1473395;2026-02-09;DAP;Q32;325417;325319;82;6617;763731409.82;62195.65;62195.65;7.615;7.59;7.625;7.611;7.615;62188.79;0.0;0.0
59629;1473396;2026-02-09;DAP;Q40;145740;146011;52;4899;327938753.57;35967.86;35967.86;7.335;7.305;7.335;7.321;7.315;36108.86;0.0;7.345
59630;1473437;2026-02-09;DAP;F27;11807;11807;0;0;0.0;92260.87;92260.87;0.0;0.0;0.0;0.0;0.0;92228.65;0.0;0.0
59631;1473438;2026-02-09;DAP;H26;850;850;0;0;0.0;99302.67;99302.67;0.0;0.0;0.0;0.0;0.0;99289.22;0.0;0.0
59632;1473439;2026-02-09;DAP;J26;950;950;0;0;0.0;98598.07;98598.07;0.0;0.0;0.0;0.0;0.0;98578.86;0.0;0.0
59633;1473440;2026-02-09;DAP;K26;201;201;0;0;0.0;97996.93;97996.93;0.0;0.0;0.0;0.0;0.0;97974.68;0.0;0.0
59634;1473441;2026-02-09;DAP;K55;2513;2513;0;0;0.0;13697.08;13697.08;0.0;0.0;0.0;0.0;0.0;13739.99;0.0;0.0
59635;1473442;2026-02-09;DAP;M26;750;750;0;0;0.0;97233.08;97233.08;0.0;0.0;0.0;0.0;0.0;97211.1;0.0;0.0
59636;1473443;2026-02-09;DAP;N26;0;0;0;0;0.0;96102.9;96102.9;0.0;0.0;0.0;0.0;0.0;96084.18;0.0;0.0
59637;1473444;2026-02-09;DAP;Q50;4571;4571;0;0;0.0;18655.86;18655.86;0.0;0.0;0.0;0.0;0.0;18691.68;0.0;0.0
59638;1473445;2026-02-09;DAP;Q60;193;193;0;0;0.0;9520.23;9520.23;0.0;0.0;0.0;0.0;0.0;9564.84;0.0;0.0
59639;1473608;2026-02-10;DAP;K27;340438;344774;61;11828;1984732852.52;90417.47;90417.47;8.455;8.42;8.51;8.447;8.445;90420.63;8.445;0.0
59640;1473609;2026-02-10;DAP;K29;224626;224353;62;4596;671599264.03;78759.96;78759.96;7.695;7.68;7.735;7.699;7.7;78739.72;0.0;7.71
59641;1473610;2026-02-10;DAP;K31;39014;37761;87;18753;2374178620.41;68184.63;68184.63;7.635;7.605;7.66;7.622;7.64;68160.66;0.0;7.65
59642;1473611;2026-02-10;DAP;K33;231529;233120;54;4740;519208853.6;58975.5;58975.5;7.6;7.57;7.615;7.586;7.58;59048.05;0.0;7.59
59643;1473612;2026-02-10;DAP;K35;471791;472131;98;9229;882554045.48;51450.67;51450.67;7.5;7.465;7.535;7.48;7.465;51554.86;0.0;7.485
59644;1473613;2026-02-10;DAP;K37;41822;43991;17;5792;480672772.48;44746.13;44746.13;7.46;7.44;7.485;7.464;7.44;44969.62;0.0;0.0
59645;1473614;2026-02-10;DAP;Q26;376973;375733;64;9579;1691926332.65;95165.73;95165.73;10.25;10.18;10.28;10.224;10.21;95181.91;0.0;10.21
59646;1473615;2026-02-10;DAP;Q28;381225;380128;83;6906;1061774178.36;82890.66;82890.66;7.855;7.82;7.855;7.843;7.85;82834.28;7.84;7.85
59647;1473616;2026-02-10;DAP;Q30;476691;476083;102;5219;696091468.59;71885.24;71885.24;7.67;7.63;7.695;7.672;7.675;71862.54;7.65;7.675
59648;1473617;2026-02-10;DAP;Q32;325319;324190;111;6883;794989847.68;62213.77;62213.77;7.615;7.58;7.625;7.606;7.6;62225.6;7.6;7.625
59649;1473618;2026-02-10;DAP;Q40;146011;145867;24;765;51450748.2;36123.36;36123.36;7.29;7.29;7.29;7.29;7.29;36240.57;0.0;7.32
59650;1473663;2026-02-10;DAP;F27;11807;11807;0;0;0.0;92265.7;92265.7;0.0;0.0;0.0;0.0;0.0;92266.23;0.0;0.0
59651;1473664;2026-02-10;DAP;G26;5101;5101;0;0;0.0;99841.77;99841.77;0.0;0.0;0.0;0.0;0.0;99839.53;0.0;0.0
59652;1473665;2026-02-10;DAP;H26;850;850;0;0;0.0;99329.1;99329.1;0.0;0.0;0.0;0.0;0.0;99332.62;0.0;0.0
59653;1473666;2026-02-10;DAP;J26;950;950;0;0;0.0;98618.46;98618.46;0.0;0.0;0.0;0.0;0.0;98621.33;0.0;0.0
59654;1473667;2026-02-10;DAP;K26;201;201;0;0;0.0;98014.04;98014.04;0.0;0.0;0.0;0.0;0.0;98017.31;0.0;0.0
59655;1473668;2026-02-10;DAP;K45;21789;21789;0;0;0.0;26455.28;26455.28;0.0;0.0;0.0;0.0;0.0;26485.03;0.0;0.0
59656;1473669;2026-02-10;DAP;K55;2513;2513;0;0;0.0;13745.51;13745.51;0.0;0.0;0.0;0.0;0.0;13747.45;0.0;0.0
59657;1473670;2026-02-10;DAP;M26;750;750;0;0;0.0;97250.15;97250.15;0.0;0.0;0.0;0.0;0.0;97254.14;0.0;0.0
59658;1473671;2026-02-10;DAP;N26;0;0;0;0;0.0;96122.78;96122.78;0.0;0.0;0.0;0.0;0.0;96130.6;0.0;0.0
59659;1473672;2026-02-10;DAP;Q50;4571;4571;0;0;0.0;18699.19;18699.19;0.0;0.0;0.0;0.0;0.0;18696.79;0.0;0.0
59660;1473673;2026-02-10;DAP;Q60;193;193;0;0;0.0;9568.68;9568.68;0.0;0.0;0.0;0.0;0.0;9542.96;0.0;0.0
59661;1473833;2026-02-11;DAP;K27;344774;345298;37;2164;363414389.53;90456.95;90456.95;8.38;8.38;8.43;8.417;8.42;90475.55;0.0;8.43
59662;1473834;2026-02-11;DAP;K29;224353;222690;69;7231;1057811781.01;78771.35;78771.35;7.695;7.655;7.695;7.677;7.685;78798.21;7.66;7.685
59663;1473835;2026-02-11;DAP;K31;37761;41767;59;21323;2701085359.13;68188.04;68188.04;7.635;7.58;7.65;7.619;7.625;68213.54;0.0;0.0
59664;1473836;2026-02-11;DAP;K33;233120;233897;80;6807;746262646.84;59071.77;59071.77;7.58;7.55;7.59;7.579;7.575;59045.39;7.55;7.575
59665;1473837;2026-02-11;DAP;K35;472131;475525;91;7362;705355074.63;51575.57;51575.57;7.475;7.44;7.475;7.463;7.465;51613.71;7.45;7.465
59666;1473838;2026-02-11;DAP;K37;43991;45980;22;8599;716776025.25;44987.68;44987.68;7.44;7.4;7.45;7.426;7.4;44739.75;0.0;7.425
59667;1473839;2026-02-11;DAP;Q26;375733;376257;41;5739;1014284876.79;95220.14;95220.14;10.18;10.16;10.24;10.209;10.215;95216.46;0.0;10.24
59668;1473840;2026-02-11;DAP;Q28;380128;380669;84;5336;821453659.48;82867.55;82867.55;7.845;7.78;7.845;7.807;7.81;82935.64;7.8;0.0
59669;1473841;2026-02-11;DAP;Q30;476083;476846;98;5268;703193741.29;71891.41;71891.41;7.635;7.635;7.67;7.663;7.67;71913.44;7.65;7.67
59670;1473842;2026-02-11;DAP;Q32;324190;323257;99;4505;520781095.56;62250.6;62250.6;7.61;7.58;7.61;7.599;7.6;62281.12;7.6;0.0
59671;1473843;2026-02-11;DAP;Q40;145867;145847;21;1390;93462932.8;36255.13;36255.13;7.295;7.295;7.295;7.295;7.295;36226.34;7.275;0.0
59672;1473888;2026-02-11;DAP;F27;11807;11807;0;0;0.0;92303.29;92303.29;0.0;0.0;0.0;0.0;0.0;92306.88;0.0;0.0
59673;1473889;2026-02-11;DAP;G26;5101;5101;0;0;0.0;99879.64;99879.64;0.0;0.0;0.0;0.0;0.0;99879.64;0.0;0.0
59674;1473890;2026-02-11;DAP;H26;850;850;0;0;0.0;99372.52;99372.52;0.0;0.0;0.0;0.0;0.0;99323.46;0.0;0.0
59675;1473891;2026-02-11;DAP;J26;950;950;0;0;0.0;98660.95;98660.95;0.0;0.0;0.0;0.0;0.0;98620.02;0.0;0.0
59676;1473892;2026-02-11;DAP;K26;201;201;0;0;0.0;98056.68;98056.68;0.0;0.0;0.0;0.0;0.0;98027.56;0.0;0.0
59677;1473893;2026-02-11;DAP;K45;21789;21789;0;0;0.0;26495.67;26495.67;0.0;0.0;0.0;0.0;0.0;26568.09;0.0;0.0
59678;1473894;2026-02-11;DAP;K55;2513;2513;0;0;0.0;13752.97;13752.97;0.0;0.0;0.0;0.0;0.0;13822.3;0.0;0.0
59679;1473895;2026-02-11;DAP;M26;750;750;0;0;0.0;97293.21;97293.21;0.0;0.0;0.0;0.0;0.0;97277.76;0.0;0.0
59680;1473896;2026-02-11;DAP;N26;0;0;0;0;0.0;96169.22;96169.22;0.0;0.0;0.0;0.0;0.0;96168.54;0.0;0.0
59681;1473897;2026-02-11;DAP;Q50;4571;4571;0;0;0.0;18704.3;18704.3;0.0;0.0;0.0;0.0;0.0;18787.12;0.0;0.0
59682;1473898;2026-02-11;DAP;Q60;193;193;0;0;0.0;9546.79;9546.79;0.0;0.0;0.0;0.0;0.0;9576.17;0.0;0.0
59683;1474058;2026-02-12;DAP;K27;345298;344891;76;10407;1749037724.84;90511.78;90511.78;8.42;8.37;8.425;8.392;8.39;90535.49;0.0;8.44
59684;1474059;2026-02-12;DAP;K29;222690;222217;72;7291;1067816599.98;78829.76;78829.76;7.675;7.645;7.68;7.654;7.65;78903.77;0.0;7.66
59685;1474060;2026-02-12;DAP;K31;41767;53615;96;43763;5547598006.83;68240.85;68240.85;7.61;7.57;7.64;7.614;7.615;68282.9;7.585;7.625
59686;1474061;2026-02-12;DAP;K33;233897;236021;57;5566;611674036.02;59069.03;59069.03;7.565;7.53;7.57;7.55;7.55;59201.1;0.0;7.58
59687;1474062;2026-02-12;DAP;K35;475525;480236;82;11954;1148111467.58;51634.38;51634.38;7.43;7.42;7.455;7.44;7.445;51716.77;7.4;0.0
59688;1474063;2026-02-12;DAP;K37;45980;46430;16;3677;307447186.2;44757.66;44757.66;7.42;7.385;7.43;7.401;7.415;44976.43;0.0;0.0
59689;1474064;2026-02-12;DAP;Q26;376257;379579;53;11577;2047441147.07;95254.58;95254.58;10.16;10.16;10.21;10.179;10.185;95266.18;10.185;10.21
59690;1474065;2026-02-12;DAP;Q28;380669;384904;93;14471;2229922692.24;82968.85;82968.85;7.815;7.77;7.815;7.784;7.77;83036.9;7.77;7.8
59691;1474066;2026-02-12;DAP;Q30;476846;477155;100;17454;2333014780.67;71942.23;71942.23;7.665;7.63;7.665;7.641;7.645;71994.15;7.63;7.66
59692;1474067;2026-02-12;DAP;Q32;323257;319318;93;11726;1358089505.16;62306.06;62306.06;7.58;7.56;7.59;7.575;7.585;62355.36;7.585;7.6
59693;1474068;2026-02-12;DAP;Q40;145847;146040;27;2122;143128012.94;36240.85;36240.85;7.26;7.26;7.28;7.274;7.27;36358.4;0.0;0.0
59694;1474109;2026-02-12;DAP;F27;11807;11807;0;0;0.0;92343.84;92343.84;0.0;0.0;0.0;0.0;0.0;92372.08;0.0;0.0
59695;1474110;2026-02-12;DAP;G26;5101;5101;0;0;0.0;99919.63;99919.63;0.0;0.0;0.0;0.0;0.0;99919.75;0.0;0.0
59696;1474111;2026-02-12;DAP;H26;850;850;0;0;0.0;99363.23;99363.23;0.0;0.0;0.0;0.0;0.0;99365.18;0.0;0.0
59697;1474112;2026-02-12;DAP;J26;950;950;0;0;0.0;98659.51;98659.51;0.0;0.0;0.0;0.0;0.0;98660.04;0.0;0.0
59698;1474113;2026-02-12;DAP;K26;201;201;0;0;0.0;98066.81;98066.81;0.0;0.0;0.0;0.0;0.0;98068.69;0.0;0.0
59699;1474114;2026-02-12;DAP;K45;21789;21789;0;0;0.0;26578.73;26578.73;0.0;0.0;0.0;0.0;0.0;26722.85;0.0;0.0
59700;1474115;2026-02-12;DAP;K55;2513;2513;0;0;0.0;13827.83;13827.83;0.0;0.0;0.0;0.0;0.0;13905.1;0.0;0.0
59701;1474116;2026-02-12;DAP;M26;750;750;0;0;0.0;97316.71;97316.71;0.0;0.0;0.0;0.0;0.0;97320.56;0.0;0.0
59702;1474117;2026-02-12;DAP;N26;0;0;0;0;0.0;96207.05;96207.05;0.0;0.0;0.0;0.0;0.0;96216.84;0.0;0.0
59703;1474118;2026-02-12;DAP;Q50;4571;4571;0;0;0.0;18794.64;18794.64;0.0;0.0;0.0;0.0;0.0;18933.75;0.0;0.0
59704;1474119;2026-02-12;DAP;Q60;193;193;0;0;0.0;9580.0;9580.0;0.0;0.0;0.0;0.0;0.0;9643.41;0.0;0.0
59705;1474284;2026-02-13;DAP;K27;344891;344685;51;6000;1009638860.68;90571.87;90571.87;8.36;8.305;8.36;8.323;8.31;90641.59;0.0;8.315
59706;1474285;2026-02-13;DAP;K29;222217;223247;41;5384;789847501.51;78935.47;78935.47;7.62;7.59;7.62;7.612;7.615;79009.29;0.0;0.0
59707;1474286;2026-02-13;DAP;K31;53615;53104;24;6743;856313979.29;68310.34;68310.34;7.62;7.56;7.62;7.585;7.585;68401.78;0.0;0.0
59708;1474287;2026-02-13;DAP;K33;236021;234311;38;3127;344637391.97;59224.89;59224.89;7.52;7.505;7.525;7.513;7.525;59317.38;7.48;0.0
59709;1474288;2026-02-13;DAP;K35;480236;479934;51;4818;464092982.28;51737.55;51737.55;7.41;7.41;7.415;7.411;7.41;51886.44;7.38;7.41
59710;1474289;2026-02-13;DAP;K37;46430;48033;12;2576;215398805.03;44994.5;44994.5;7.41;7.36;7.41;7.404;7.36;45247.24;0.0;0.0
59711;1474290;2026-02-13;DAP;Q26;379579;378070;35;4929;872334416.44;95304.46;95304.46;10.16;10.08;10.17;10.14;10.08;95339.34;0.0;10.08
59712;1474291;2026-02-13;DAP;Q28;384904;386468;79;5914;912592423.68;83070.26;83070.26;7.78;7.73;7.785;7.743;7.73;83138.07;7.73;0.0
59713;1474292;2026-02-13;DAP;Q30;477155;476577;61;6907;925086194.5;72023.08;72023.08;7.64;7.595;7.64;7.603;7.61;72119.64;7.6;7.615
59714;1474293;2026-02-13;DAP;Q32;319318;319140;86;4685;543595252.23;62380.41;62380.41;7.57;7.54;7.58;7.552;7.555;62485.86;7.51;7.55
59715;1474294;2026-02-13;DAP;Q40;146040;145946;29;3365;228105060.45;36373.01;36373.01;7.22;7.22;7.25;7.24;7.245;36490.91;0.0;0.0
59716;1474337;2026-02-13;DAP;F27;11807;11807;0;0;0.0;92409.2;92409.2;0.0;0.0;0.0;0.0;0.0;92460.82;0.0;0.0
59717;1474338;2026-02-13;DAP;G26;5101;5101;0;0;0.0;99959.9;99959.9;0.0;0.0;0.0;0.0;0.0;99959.87;0.0;0.0
59718;1474339;2026-02-13;DAP;H26;850;850;0;0;0.0;99405.1;99405.1;0.0;0.0;0.0;0.0;0.0;99409.49;0.0;0.0
59719;1474340;2026-02-13;DAP;J26;950;950;0;0;0.0;98699.68;98699.68;0.0;0.0;0.0;0.0;0.0;98705.34;0.0;0.0
59720;1474341;2026-02-13;DAP;K26;201;201;0;0;0.0;98108.09;98108.09;0.0;0.0;0.0;0.0;0.0;98116.87;0.0;0.0
59721;1474342;2026-02-13;DAP;K45;21789;21789;0;0;0.0;26733.59;26733.59;0.0;0.0;0.0;0.0;0.0;26926.53;0.0;0.0
59722;1474343;2026-02-13;DAP;K55;2513;2513;0;0;0.0;13910.69;13910.69;0.0;0.0;0.0;0.0;0.0;14072.22;0.0;0.0
59723;1474344;2026-02-13;DAP;M26;750;750;0;0;0.0;97359.66;97359.66;0.0;0.0;0.0;0.0;0.0;97373.38;0.0;0.0
59724;1474345;2026-02-13;DAP;N26;0;0;0;0;0.0;96255.5;96255.5;0.0;0.0;0.0;0.0;0.0;96276.28;0.0;0.0
59725;1474346;2026-02-13;DAP;Q50;4571;4571;0;0;0.0;18941.36;18941.36;0.0;0.0;0.0;0.0;0.0;19111.92;0.0;0.0
59726;1474347;2026-02-13;DAP;Q60;193;193;0;0;0.0;9647.28;9647.28;0.0;0.0;0.0;0.0;0.0;9764.14;0.0;0.0
59727;1474511;2026-02-18;DAP;H26;850;1070;1;220;40629846.4;99449.43;99449.43;7.95;7.95;7.95;7.95;7.95;99454.68;0.0;0.0
59728;1474512;2026-02-18;DAP;K27;344685;345934;45;4453;750236689.14;90678.01;90678.01;8.28;8.25;8.28;8.257;8.26;90726.81;8.24;8.26
59729;1474513;2026-02-18;DAP;K29;223247;221776;34;6244;917267760.4;79041.04;79041.04;7.58;7.57;7.585;7.581;7.58;79114.78;7.58;7.6
59730;1474514;2026-02-18;DAP;K31;53104;53129;14;2112;268401750.6;68429.26;68429.26;7.585;7.575;7.585;7.58;7.58;68500.91;0.0;0.0
59731;1474515;2026-02-18;DAP;K33;234311;234794;29;1964;216727073.46;59341.21;59341.21;7.485;7.485;7.51;7.501;7.51;59394.05;0.0;7.52
59732;1474516;2026-02-18;DAP;K35;479934;480207;44;1777;171416355.04;51907.29;51907.29;7.38;7.38;7.4;7.399;7.4;51945.51;7.4;0.0
59733;1474517;2026-02-18;DAP;K37;48033;48033;11;364;30614121.32;45265.42;45265.42;7.335;7.335;7.36;7.353;7.36;45259.99;0.0;0.0
59734;1474518;2026-02-18;DAP;Q26;378070;381548;53;8037;1423630000.76;95377.65;95377.65;10.095;10.03;10.1;10.064;10.05;95397.07;10.05;10.07
59735;1474519;2026-02-18;DAP;Q28;386468;391274;51;6691;1034236668.47;83171.47;83171.47;7.69;7.68;7.69;7.689;7.69;83239.15;7.685;0.0
59736;1474520;2026-02-18;DAP;Q30;476577;475651;47;4611;618457337.61;72148.62;72148.62;7.58;7.58;7.58;7.58;7.58;72230.25;7.58;0.0
59737;1474521;2026-02-18;DAP;Q32;319140;319292;46;1697;197267373.36;62510.97;62510.97;7.53;7.52;7.53;7.529;7.53;62597.75;7.53;0.0
59738;1474522;2026-02-18;DAP;Q40;145946;146434;22;715;48560383.3;36505.57;36505.57;7.23;7.23;7.23;7.23;7.23;36574.68;0.0;7.24
59739;1474562;2026-02-18;DAP;F27;11807;11807;0;0;0.0;92497.97;92497.97;0.0;0.0;0.0;0.0;0.0;92469.7;0.0;0.0
59740;1474563;2026-02-18;DAP;G26;0;0;0;0;0.0;100000.03;100000.03;0.0;0.0;0.0;0.0;0.0;100000.0;0.0;0.0
59741;1474564;2026-02-18;DAP;J26;950;950;0;0;0.0;98745.0;98745.0;0.0;0.0;0.0;0.0;0.0;98749.47;0.0;0.0
59742;1474565;2026-02-18;DAP;K26;201;201;0;0;0.0;98156.29;98156.29;0.0;0.0;0.0;0.0;0.0;98168.98;0.0;0.0
59743;1474566;2026-02-18;DAP;K45;21789;21789;0;0;0.0;26937.35;26937.35;0.0;0.0;0.0;0.0;0.0;27064.01;0.0;0.0
59744;1474567;2026-02-18;DAP;K55;2513;2513;0;0;0.0;14077.87;14077.87;0.0;0.0;0.0;0.0;0.0;14168.05;0.0;0.0
59745;1474568;2026-02-18;DAP;M26;750;750;0;0;0.0;97412.5;97412.5;0.0;0.0;0.0;0.0;0.0;97428.25;0.0;0.0
59746;1474569;2026-02-18;DAP;N26;0;0;0;0;0.0;96314.96;96314.96;0.0;0.0;0.0;0.0;0.0;96337.42;0.0;0.0
59747;1474570;2026-02-18;DAP;Q50;4571;4571;0;0;0.0;19119.6;19119.6;0.0;0.0;0.0;0.0;0.0;19234.81;0.0;0.0
59748;1474571;2026-02-18;DAP;Q60;193;193;0;0;0.0;9768.06;9768.06;0.0;0.0;0.0;0.0;0.0;9851.62;0.0;0.0
59749;1474739;2026-02-19;DAP;F27;11807;14057;38;2450;420887272.5;92497.64;92497.64;9.08;9.08;9.105;9.094;9.095;92500.07;0.0;9.095
59750;1474740;2026-02-19;DAP;K27;345934;346125;42;2963;499528840.44;90754.23;90754.23;8.25;8.245;8.27;8.249;8.245;90770.76;0.0;0.0
59751;1474741;2026-02-19;DAP;K29;221776;221613;62;3307;485803919.96;79138.69;79138.69;7.58;7.58;7.61;7.6;7.6;79090.62;7.6;0.0
59752;1474742;2026-02-19;DAP;K31;53129;54581;61;20537;2610021377.91;68521.61;68521.61;7.56;7.56;7.63;7.59;7.615;68342.59;0.0;0.0
59753;1474743;2026-02-19;DAP;K33;234794;236420;53;5368;590781935.78;59412.0;59412.0;7.545;7.545;7.55;7.549;7.55;59252.42;0.0;7.545
59754;1474744;2026-02-19;DAP;K35;480207;479140;75;5760;554835842.67;51961.21;51961.21;7.42;7.42;7.44;7.422;7.42;51871.58;7.385;7.43
59755;1474745;2026-02-19;DAP;K37;48033;48354;11;375;31421640.94;45273.67;45273.67;7.39;7.39;7.395;7.394;7.39;45131.82;0.0;0.0
59756;1474746;2026-02-19;DAP;Q26;381548;381047;45;4253;753920435.14;95425.9;95425.9;10.055;10.03;10.055;10.036;10.03;95439.68;10.0;10.035
59757;1474747;2026-02-19;DAP;Q28;391274;390396;118;8519;1317477642.0;83264.3;83264.3;7.69;7.68;7.725;7.69;7.68;83282.74;7.68;0.0
59758;1474748;2026-02-19;DAP;Q30;475651;475890;87;8888;1191235021.54;72252.08;72252.08;7.605;7.59;7.63;7.61;7.615;72146.72;0.0;7.615
59759;1474749;2026-02-19;DAP;Q32;319292;319174;50;3235;375344316.1;62616.67;62616.67;7.53;7.53;7.57;7.569;7.57;62465.79;0.0;7.58
59760;1474750;2026-02-19;DAP;Q40;146434;146500;23;1513;102536070.52;36585.73;36585.73;7.25;7.25;7.25;7.25;7.25;36486.66;0.0;0.0
59761;1474794;2026-02-19;DAP;H26;1070;1070;0;0;0.0;99484.74;99484.74;0.0;0.0;0.0;0.0;0.0;99487.01;0.0;0.0
59762;1474795;2026-02-19;DAP;J26;950;950;0;0;0.0;98779.31;98779.31;0.0;0.0;0.0;0.0;0.0;98781.07;0.0;0.0
59763;1474796;2026-02-19;DAP;K26;201;201;0;0;0.0;98198.65;98198.65;0.0;0.0;0.0;0.0;0.0;98202.24;0.0;0.0
59764;1474797;2026-02-19;DAP;K45;21789;21789;0;0;0.0;27072.19;27072.19;0.0;0.0;0.0;0.0;0.0;27018.25;0.0;0.0
59765;1474798;2026-02-19;DAP;K55;2513;2513;0;0;0.0;14172.33;14172.33;0.0;0.0;0.0;0.0;0.0;14079.76;0.0;0.0
59766;1474799;2026-02-19;DAP;M26;750;750;0;0;0.0;97457.69;97457.69;0.0;0.0;0.0;0.0;0.0;97463.72;0.0;0.0
59767;1474800;2026-02-19;DAP;N26;0;0;0;0;0.0;96366.53;96366.53;0.0;0.0;0.0;0.0;0.0;96376.5;0.0;0.0
59768;1474801;2026-02-19;DAP;Q50;4571;4571;0;0;0.0;19240.62;19240.62;0.0;0.0;0.0;0.0;0.0;19152.69;0.0;0.0
59769;1474802;2026-02-19;DAP;Q60;193;193;0;0;0.0;9854.6;9854.6;0.0;0.0;0.0;0.0;0.0;9775.66;0.0;0.0
59770;1474963;2026-02-20;DAP;F27;14057;15322;6;1731;297612294.41;92527.9;92527.9;9.05;9.05;9.09;9.068;9.07;92518.35;0.0;9.09
59771;1474964;2026-02-20;DAP;K27;346125;346233;48;4527;763300936.37;90798.07;90798.07;8.26;8.26;8.315;8.287;8.315;90727.82;0.0;0.0
59772;1474965;2026-02-20;DAP;K29;221613;219468;60;7505;1102370495.01;79114.42;79114.42;7.63;7.6;7.63;7.622;7.625;79054.85;0.0;7.625
59773;1474966;2026-02-20;DAP;K31;54581;55440;94;32702;4154307120.79;68363.15;68363.15;7.615;7.57;7.64;7.61;7.6;68395.43;0.0;7.6
59774;1474967;2026-02-20;DAP;K33;236420;237466;62;5822;642451047.21;59270.25;59270.25;7.55;7.51;7.55;7.518;7.51;59428.19;7.51;7.56
59775;1474968;2026-02-20;DAP;K35;479140;475336;73;11705;1131229306.25;51887.19;51887.19;7.42;7.37;7.44;7.389;7.37;52108.22;7.37;7.385
59776;1474969;2026-02-20;DAP;K37;48354;48923;21;2288;192483629.7;45145.4;45145.4;7.38;7.345;7.4;7.36;7.345;45356.14;0.0;0.0
59777;1474970;2026-02-20;DAP;Q26;381047;374674;155;18257;3238656406.53;95468.4;95468.4;10.035;10.0;10.035;10.019;10.02;95482.21;0.0;10.02
59778;1474971;2026-02-20;DAP;Q28;390396;389677;70;6319;976792587.94;83307.8;83307.8;7.72;7.71;7.75;7.734;7.74;83192.74;0.0;0.0
59779;1474972;2026-02-20;DAP;Q30;475890;466813;86;24965;3347706982.89;72168.43;72168.43;7.615;7.6;7.635;7.611;7.615;72167.73;7.605;7.615
59780;1474973;2026-02-20;DAP;Q32;319174;320963;187;11595;1347779402.96;62484.59;62484.59;7.57;7.53;7.57;7.548;7.54;62596.3;7.54;7.55
59781;1474974;2026-02-20;DAP;Q40;146500;146166;32;2210;150644034.7;36497.64;36497.64;7.24;7.18;7.26;7.21;7.18;36767.39;0.0;7.23
59782;1475016;2026-02-20;DAP;H26;1070;1070;0;0;0.0;99516.95;99516.95;0.0;0.0;0.0;0.0;0.0;99518.75;0.0;0.0
59783;1475017;2026-02-20;DAP;J26;950;950;0;0;0.0;98810.79;98810.79;0.0;0.0;0.0;0.0;0.0;98811.88;0.0;0.0
59784;1475018;2026-02-20;DAP;K26;201;201;0;0;0.0;98231.79;98231.79;0.0;0.0;0.0;0.0;0.0;98235.42;0.0;0.0
59785;1475019;2026-02-20;DAP;K45;21789;21789;0;0;0.0;27026.38;27026.38;0.0;0.0;0.0;0.0;0.0;27311.73;0.0;0.0
59786;1475020;2026-02-20;DAP;K55;2513;2513;0;0;0.0;14084.0;14084.0;0.0;0.0;0.0;0.0;0.0;14245.09;0.0;0.0
59787;1475021;2026-02-20;DAP;M26;750;750;0;0;0.0;97493.05;97493.05;0.0;0.0;0.0;0.0;0.0;97500.76;0.0;0.0
59788;1475022;2026-02-20;DAP;N26;0;0;0;0;0.0;96405.5;96405.5;0.0;0.0;0.0;0.0;0.0;96419.67;0.0;0.0
59789;1475023;2026-02-20;DAP;Q50;4571;4571;0;0;0.0;19158.45;19158.45;0.0;0.0;0.0;0.0;0.0;19385.7;0.0;0.0
59790;1475024;2026-02-20;DAP;Q60;193;193;0;0;0.0;9778.6;9778.6;0.0;0.0;0.0;0.0;0.0;9901.21;0.0;0.0
59791;1475187;2026-02-23;DAP;K27;346233;348890;59;5061;854218708.77;90755.25;90755.25;8.23;8.23;8.255;8.246;8.255;90817.66;0.0;8.29
59792;1475188;2026-02-23;DAP;K29;219468;219588;69;3166;465397131.6;79078.75;79078.75;7.615;7.6;7.63;7.614;7.62;79101.38;0.0;7.63
59793;1475189;2026-02-23;DAP;K31;55440;58851;78;25144;3198922158.24;68416.11;68416.11;7.59;7.545;7.62;7.59;7.6;68398.86;0.0;0.0
59794;1475190;2026-02-23;DAP;K33;237466;238065;69;3203;353779738.5;59446.16;59446.16;7.51;7.495;7.52;7.512;7.52;59405.57;7.5;7.54
59795;1475191;2026-02-23;DAP;K35;475336;478998;92;15462;1497940655.85;52123.97;52123.97;7.36;7.36;7.39;7.367;7.37;52122.93;7.37;7.39
59796;1475192;2026-02-23;DAP;K37;48923;49267;9;414;34958747.88;45369.85;45369.85;7.33;7.33;7.33;7.33;7.33;45439.66;0.0;0.0
59797;1475193;2026-02-23;DAP;Q26;374674;375302;61;10009;1776759698.47;95511.07;95511.07;9.98;9.975;10.015;10.003;10.0;95520.48;0.0;10.015
59798;1475194;2026-02-23;DAP;Q28;389677;392087;90;8165;1262889603.48;83217.89;83217.89;7.73;7.71;7.75;7.732;7.725;83245.91;0.0;0.0
59799;1475195;2026-02-23;DAP;Q30;466813;469988;87;9668;1297097691.02;72189.55;72189.55;7.62;7.585;7.62;7.612;7.605;72173.86;7.6;0.0
59800;1475196;2026-02-23;DAP;Q32;320963;325027;126;22033;2559643090.5;62615.22;62615.22;7.535;7.525;7.6;7.566;7.565;62483.27;7.56;7.59
59801;1475197;2026-02-23;DAP;Q40;146166;148087;29;4053;278118400.14;36778.5;36778.5;7.165;7.165;7.165;7.165;7.165;36926.03;0.0;7.18
59802;1475241;2026-02-23;DAP;F27;15322;15322;0;0;0.0;92546.32;92546.32;0.0;0.0;0.0;0.0;0.0;92554.86;0.0;0.0
59803;1475242;2026-02-23;DAP;H26;1070;1070;0;0;0.0;99548.83;99548.83;0.0;0.0;0.0;0.0;0.0;99552.5;0.0;0.0
59804;1475243;2026-02-23;DAP;J26;950;950;0;0;0.0;98841.75;98841.75;0.0;0.0;0.0;0.0;0.0;98838.99;0.0;0.0
59805;1475244;2026-02-23;DAP;K26;201;201;0;0;0.0;98265.12;98265.12;0.0;0.0;0.0;0.0;0.0;98259.85;0.0;0.0
59806;1475245;2026-02-23;DAP;K45;21789;21789;0;0;0.0;27319.99;27319.99;0.0;0.0;0.0;0.0;0.0;27353.26;0.0;0.0
59807;1475246;2026-02-23;DAP;K55;2513;2513;0;0;0.0;14249.4;14249.4;0.0;0.0;0.0;0.0;0.0;14214.1;0.0;0.0
59808;1475247;2026-02-23;DAP;M26;750;750;0;0;0.0;97530.23;97530.23;0.0;0.0;0.0;0.0;0.0;97532.82;0.0;0.0
59809;1475248;2026-02-23;DAP;N26;0;0;0;0;0.0;96448.82;96448.82;0.0;0.0;0.0;0.0;0.0;96466.13;0.0;0.0
59810;1475249;2026-02-23;DAP;Q50;4571;4571;0;0;0.0;19391.56;19391.56;0.0;0.0;0.0;0.0;0.0;19342.45;0.0;0.0
59811;1475250;2026-02-23;DAP;Q60;193;193;0;0;0.0;9904.2;9904.2;0.0;0.0;0.0;0.0;0.0;9872.19;0.0;0.0
