;index;yield;price;bidask spread;du;coupon;duration;modified duration;dv01;pnl;vna;volume;open interest;convexity;maturity;bond code;reference date
0;0;0.1368971282703053;970.292054;1.4051950000000488;248;48.808848170151634;0.9617165309495905;0.8446590023655784;-0.0819565918334888;1.4876021701516038;1000.0;2638489;;0.7326272043609569;2027-01-04;BRSTNCNTF1P8;2026-01-02
1;1;0.13189665514832535;930.425317;3.18864300000007;747;48.808848170151634;2.6836863917761176;2.3190517610908516;-0.2157704469952364;3.7353251701515546;1000.0;0;;3.915704413284765;2029-01-02;BRSTNCNTF1Q6;2026-01-02
2;2;0.13515394016472673;885.360004;6.860142999999994;1248;48.808848170151634;4.218683015480999;3.490900917033848;-0.3090704049868691;5.265591170151652;1000.0;281069;;8.513984625839228;2031-01-02;BRSTNCNTF204;2026-01-02
3;3;0.13627371789579712;850.835982;40.772197000000006;1752;48.808848170151634;5.63619153333149;4.415079148116936;-0.37565082025957963;6.302447170151595;1000.0;169479;;13.818056291098642;2033-01-03;BRSTNCNTF212;2026-01-02
4;4;0.1360956224035822;828.372305;10.205626999999936;2251;48.808848170151634;6.955840706815395;5.12979400147549;-0.42493792811774256;7.075196170151685;1000.0;431546;;19.246987315322986;2035-01-02;BRSTNCNTF238;2026-01-02
5;0;0.1368313003248156;970.83995;2.30495099999996;247;0.0;0.9577482769813366;0.8412178680663185;-0.08166879129726112;0.547896000000037;1000.0;11209758;;0.7282349741393722;2027-01-04;BRSTNCNTF1P8;2026-01-05
6;1;0.131401115101251;931.9519;4.908907999999997;746;0.0;2.679718137807864;2.316760656229841;-0.21591094954186474;1.5265830000000733;1000.0;409754;;3.909880645226977;2029-01-02;BRSTNCNTF1Q6;2026-01-05
7;2;0.13502893409176586;886.191777;7.833998000000065;1247;0.0;4.214714761512745;3.48801003088017;-0.30910458074595226;0.8317729999999983;1000.0;2450983;;8.502813152902831;2031-01-02;BRSTNCNTF204;2026-01-05
8;3;0.13652005567794737;850.343038;9.791432999999984;1751;0.0;5.632223279363235;4.409581948022946;-0.37496573099917896;-0.49294399999996585;1000.0;686597;;13.790806914384087;2033-01-03;BRSTNCNTF212;2026-01-05
9;4;0.13656211697831258;826.813346;11.545249000000013;2250;0.0;6.95187245284714;5.120623223618873;-0.4233799621125627;-1.558958999999959;1000.0;1392042;;19.193722755774665;2035-01-02;BRSTNCNTF238;2026-01-05
10;0;0.13703475301154622;971.168621;1.8192870000000312;246;0.0;0.9537800230130827;0.8375755430690448;-0.08134270851456904;0.3286709999999857;1000.0;621091;;0.7235085366959627;2027-01-04;BRSTNCNTF1P8;2026-01-06
11;1;0.1311279601655323;932.998021;3.5007960000000367;745;0.0;2.67574988383961;2.313922464963063;-0.21588850805579796;1.046120999999971;1000.0;197049;;3.9023297940958575;2029-01-02;BRSTNCNTF1Q6;2026-01-06
12;2;0.13491894617872613;886.977198;4.019915000000083;1246;0.0;4.210746507544491;3.485045842938625;-0.309115619667125;0.7854210000000421;1000.0;271653;;8.491339235894355;2031-01-02;BRSTNCNTF204;2026-01-06
13;3;0.13663125825386108;850.358262;5.222653000000037;1750;0.0;5.6282550253949815;4.405185901304444;-0.37459862268201505;0.015223999999989246;1000.0;199417;;13.769238303519312;2033-01-03;BRSTNCNTF212;2026-01-06
14;4;0.1367643701274451;826.377946;10.857273000000077;2249;0.0;6.947904198878886;5.114672057877272;-0.42266521896522136;-0.4354000000000724;1000.0;1342508;;19.15968124877163;2035-01-02;BRSTNCNTF238;2026-01-06
15;0;0.1367067324193985;971.929592;0.6920229999999492;245;0.0;0.9498117690448288;0.8343291385310468;-0.08109091792061918;0.7609709999999268;1000.0;385007;;0.7194749400521961;2027-01-04;BRSTNCNTF1P8;2026-01-07
16;1;0.13119740076475261;933.304579;2.8448150000000396;744;0.0;2.671781629871356;2.3102443041081697;-0.21561615876328233;0.30655799999999545;1000.0;275154;;3.8921300308888322;2029-01-02;BRSTNCNTF1Q6;2026-01-07
17;2;0.13541468737772683;885.892976;3.0887349999999287;1245;0.0;4.206778253576237;3.4791537890401103;-0.30821579041344194;-1.084222000000068;1000.0;624431;;8.467476976682784;2031-01-02;BRSTNCNTF204;2026-01-07
18;3;0.13717589773203287;848.754367;3.858284000000026;1749;0.0;5.624286771426728;4.397268632286782;-0.3732200954525524;-1.6038949999999659;1000.0;196504;;13.729638163149932;2033-01-03;BRSTNCNTF212;2026-01-07
19;4;0.13732895712209392;824.417549;5.461375999999973;2248;0.0;6.943935944910632;5.104321095218814;-0.42080918866292905;-1.9603969999999435;1000.0;2704630;;19.099533375880934;2035-01-02;BRSTNCNTF238;2026-01-07
20;0;0.13697955980538398;972.203545;1.0712439999999788;244;0.0;0.9458435150765748;0.8306363470949895;-0.08075476012515992;0.2739530000000059;1000.0;2927929;;0.7146871033069262;2027-01-04;BRSTNCNTF1P8;2026-01-08
21;1;0.13120373297655075;933.747618;3.7733200000000124;743;0.0;2.6678133759031017;2.3067208166040687;-0.2153895067895064;0.44303899999999885;1000.0;346754;;3.8824322871433146;2029-01-02;BRSTNCNTF1Q6;2026-01-08
22;2;0.13510846374804436;887.283603;3.7707759999999553;1244;0.0;4.202809999607983;3.4771374012167677;-0.308520700147767;1.390626999999995;1000.0;1060299;;8.460038609958701;2031-01-02;BRSTNCNTF204;2026-01-08
23;3;0.1368236348852609;850.503225;3.670515999999907;1748;0.0;5.6203185174584736;4.396640254154337;-0.37393567153230833;1.748858000000041;1000.0;1816338;;13.727421707415056;2033-01-03;BRSTNCNTF212;2026-01-08
24;4;0.1369166458352068;826.576063;5.530977000000007;2247;0.0;6.939967690942378;5.105839965431488;-0.42203650969344153;2.1585139999999683;1000.0;3249571;;19.10993342353376;2035-01-02;BRSTNCNTF238;2026-01-08
25;0;0.13727653350503802;972.460063;0.509469000000081;243;0.0;0.9418752611083208;0.8269275566293168;-0.08041540238161815;0.2565180000000282;1000.0;603106;;0.7098855937372155;2027-01-04;BRSTNCNTF1P8;2026-01-09
26;1;0.13188424309454577;932.741973;4.842265999999995;742;0.0;2.6638451219348482;2.3015527962689686;-0.2146754896155585;-1.0056449999999586;1000.0;350615;;3.8675590094172674;2029-01-02;BRSTNCNTF1Q6;2026-01-09
27;2;0.13557517211047168;886.292385;3.26998100000003;1243;0.0;4.1988417456397285;3.4713896932562114;-0.3076666250500466;-0.9912180000000035;1000.0;4866157;;8.436833362287551;2031-01-02;BRSTNCNTF204;2026-01-09
28;3;0.13707498003142624;849.997276;4.7418460000000096;1747;0.0;5.6163502634902205;4.3911087191495;-0.3732430449896924;-0.5059489999999869;1000.0;1057986;;13.700097639369336;2033-01-03;BRSTNCNTF212;2026-01-09
29;4;0.1371309111822415;826.093672;4.448472000000038;2246;0.0;6.935999436974125;5.0997473407882286;-0.42128690070239827;-0.4823910000000069;1000.0;1260460;;19.075137750136;2035-01-02;BRSTNCNTF238;2026-01-09
30;5;0.1374756529092444;805.793046;18.834774999999922;2748;0.0;8.199148324243735;5.634085336894294;-0.4539906785039989;0.0;1000.0;4499400;;24.195365033573697;2037-01-02;BRSTNCNTF2K7;2026-01-09
31;0;0.13703899365611072;973.146942;0.7167569999999159;242;0.0;0.9379070071400668;0.8236124241951323;-0.08014959119986997;0.6868789999999763;1000.0;2393402;;0.7057693002834836;2027-01-04;BRSTNCNTF1P8;2026-01-12
32;1;0.1312624803251045;934.535411;2.140455999999972;741;0.0;2.6598768679665943;2.2995616303341913;-0.21490217733241934;1.7934379999999237;1000.0;274437;;3.862720452179318;2029-01-02;BRSTNCNTF1Q6;2026-01-12
33;2;0.13490751192837708;888.79612;3.3306519999999864;1242;0.0;4.194873491671475;3.471114975288617;-0.30851135221104187;2.503735000000006;1000.0;3137987;;8.436766425624487;2031-01-02;BRSTNCNTF204;2026-01-12
34;3;0.1363993908581877;852.95687;4.18620599999997;1746;0.0;5.612382009521966;4.393104137493652;-0.3747128354700635;2.9595939999999246;1000.0;1451450;;13.711314142028103;2033-01-03;BRSTNCNTF212;2026-01-12
35;4;0.13647737769105403;829.274559;7.526312000000075;2245;0.0;6.932031183005871;5.104195717479689;-0.4232779652662657;3.1808869999999843;1000.0;444126;;19.102916302691728;2035-01-02;BRSTNCNTF238;2026-01-12
36;5;0.1369522454601334;808.58635;1.456715000000031;2747;0.0;8.19518007027548;5.639313575135158;-0.45598719802239884;2.7933040000000346;1000.0;536810;;24.232660944628222;2037-01-02;BRSTNCNTF2K7;2026-01-12
37;0;0.13654624629443105;974.036644;0.6898060000000896;241;0.0;0.9339387531718129;0.8204823618410818;-0.0799179886188881;0.8897020000000566;1000.0;51530;;0.7019792262955071;2027-01-04;BRSTNCNTF1P8;2026-01-13
38;1;0.13096929131151078;935.622631;3.243583000000058;740;0.0;2.6559086139983403;2.29676772511983;-0.21489078617725;1.087220000000002;1000.0;375224;;3.85535788751605;2029-01-02;BRSTNCNTF1Q6;2026-01-13
39;2;0.13492267553598214;889.195818;2.744719000000032;1241;0.0;4.190905237703221;3.4675453157451694;-0.3083326793486094;0.3996980000000576;1000.0;2780771;;8.422786673342827;2031-01-02;BRSTNCNTF204;2026-01-13
40;3;0.13669778359005536;852.273016;19.42106799999999;1745;0.0;5.608413755553712;4.387189701554613;-0.37390833987080896;-0.6838539999999966;1000.0;2290899;;13.682052279321212;2033-01-03;BRSTNCNTF212;2026-01-13
41;4;0.1369759049401471;827.589812;13.501773999999955;2244;0.0;6.928062929037617;5.094649435617591;-0.4216279968628669;-1.684746999999902;1000.0;684649;;19.04765380114079;2035-01-02;BRSTNCNTF238;2026-01-13
42;5;0.13760287835263924;806.040089;3.6981380000000854;2746;0.0;8.191211816307227;5.624991079386819;-0.4533968310253158;-2.5462610000000723;1000.0;2140014;;24.138824646528757;2037-01-02;BRSTNCNTF2K7;2026-01-13
43;0;0.13686138219755384;974.280657;0.7675629999999956;240;0.0;0.9299704992035588;0.8167616002902052;-0.07957550285431125;0.24401299999999537;1000.0;2014582;;0.6971949491739713;2027-01-04;BRSTNCNTF1P8;2026-01-14
44;1;0.13173996708392058;934.427441;2.792825999999991;739;0.0;2.6519403600300864;2.291385589545588;-0.21411335727833603;-1.1951899999999114;1000.0;78736;;3.8398628274107156;2029-01-02;BRSTNCNTF1Q6;2026-01-14
45;2;0.13543043582938477;888.079649;3.792640000000006;1240;0.0;4.1869369837349675;3.461603048197534;-0.30741792200205964;-1.1161690000000135;1000.0;3725232;;8.3988168012512;2031-01-02;BRSTNCNTF204;2026-01-14
46;3;0.13700218328268787;851.569688;3.9375940000001037;1744;0.0;5.604445501585459;4.38122943217606;-0.3730922180614584;-0.7033279999999422;1000.0;1469524;;13.652590966524752;2033-01-03;BRSTNCNTF212;2026-01-14
47;4;0.13721519438904597;827.003672;4.5287080000000515;2243;0.0;6.924094675069362;5.088255625698262;-0.42080060865271207;-0.5861400000000003;1000.0;1730755;;19.011142024616632;2035-01-02;BRSTNCNTF238;2026-01-14
48;5;0.13788018114070247;805.196914;3.835342999999966;2745;0.0;8.187243562338972;5.616891522349586;-0.4522703720068648;-0.8431749999999738;1000.0;232310;;24.086799151967156;2037-01-02;BRSTNCNTF2K7;2026-01-14
49;0;0.1369735732488617;974.687773;0.5737289999999575;239;0.0;0.9260022452353049;0.8131898226937904;-0.07926061773076754;0.4071159999999736;1000.0;3363086;;0.6926771760675923;2027-01-04;BRSTNCNTF1P8;2026-01-15
50;1;0.13207888995795528;934.161934;3.303545999999983;738;0.0;2.647972106061832;2.287057208759881;-0.2136481785303772;-0.26550700000007055;1000.0;124504;;3.827704826699461;2029-01-02;BRSTNCNTF1Q6;2026-01-15
51;2;0.13577099559335717;887.481819;3.852863999999954;1239;0.0;4.182968729766713;3.4564698081314416;-0.30675541126390726;-0.5978300000000445;1000.0;613015;;8.378288208038596;2031-01-02;BRSTNCNTF204;2026-01-15
52;3;0.1373976760396235;850.530364;4.860873999999967;1743;0.0;5.600477247617204;4.374534013550747;-0.3720674006875697;-1.0393240000000787;1000.0;182884;;13.619413540740437;2033-01-03;BRSTNCNTF212;2026-01-15
53;4;0.13752955388083324;826.104714;6.082035000000019;2242;0.0;6.920126421101108;5.080954349946966;-0.41974003401099935;-0.898958000000107;1000.0;508679;;18.9692994999252;2035-01-02;BRSTNCNTF238;2026-01-15
54;5;0.13822254309430332;804.063774;4.359458000000018;2744;0.0;8.183275308370721;5.607715789317286;-0.4508961121077846;-1.1331400000000258;1000.0;232773;;24.0276346480826;2037-01-02;BRSTNCNTF2K7;2026-01-15
55;0;0.13754602528663926;974.732618;0.6504730000000336;238;0.0;0.922033991267051;0.8092870989756399;-0.07888385326981506;0.04484500000000935;1000.0;1038653;;0.6876123346234124;2027-01-04;BRSTNCNTF1P8;2026-01-16
56;1;0.1334326044260338;931.739272;3.2635030000000143;737;0.0;2.6440038520935785;2.28027743647755;-0.21246240386216186;-2.4226619999999457;1000.0;0;;3.807886537889167;2029-01-02;BRSTNCNTF1Q6;2026-01-16
57;2;0.13715482530882925;883.701653;6.661665999999968;1238;0.0;4.179000475798459;3.4463317189942844;-0.30455290368615806;-3.7801660000000084;1000.0;7784496;;8.336759485913193;2031-01-02;BRSTNCNTF204;2026-01-16
58;3;0.13875514768016703;845.936997;6.923847000000023;1742;0.0;5.59650899364895;4.36006152338776;-0.3688337351829887;-4.593366999999944;1000.0;4037223;;13.546678941417943;2033-01-03;BRSTNCNTF212;2026-01-16
59;4;0.1389669583217724;820.527168;9.868059000000017;2241;0.0;6.9161581671328545;5.060066276950163;-0.4151921852118221;-5.577545999999984;1000.0;2102506;;18.84727103167844;2035-01-02;BRSTNCNTF238;2026-01-16
60;5;0.1396058388714008;798.277207;3.8019330000000764;2743;0.0;8.179307054402464;5.5812931304186115;-0.44554190915988556;-5.786566999999991;1000.0;2487742;;23.85343109664907;2037-01-02;BRSTNCNTF2K7;2026-01-16
61;0;0.1370372580641418;975.631208;0.616243000000054;237;0.0;0.9180657372987969;0.8061637231652609;-0.0786518487077501;0.8985900000000129;1000.0;61746;;0.683878274506945;2027-01-04;BRSTNCNTF1P8;2026-01-19
62;1;0.13298514833427427;933.152884;1.2126449999999522;736;0.0;2.6400355981253245;2.2778564737138676;-0.21255883377841656;1.4136119999999437;1000.0;50694;;3.8017435859304514;2029-01-02;BRSTNCNTF1Q6;2026-01-19
63;2;0.1368876493984756;884.966297;7.366589999999974;1237;0.0;4.175032221830205;3.444122982894399;-0.3047932762584651;1.2646440000000894;1000.0;1165124;;8.328579104812901;2031-01-02;BRSTNCNTF204;2026-01-19
64;3;0.13859307704384852;846.971192;1.8794500000000198;1741;0.0;5.592540739680697;4.357886505035127;-0.36910043277703153;1.0341949999999542;1000.0;163871;;13.53662211260202;2033-01-03;BRSTNCNTF212;2026-01-19
65;4;0.13878185602055315;821.719889;6.219315000000051;2240;0.0;6.9121899131646005;5.058819914280217;-0.41569329384333287;1.192721000000006;1000.0;198246;;18.84131528479187;2035-01-02;BRSTNCNTF238;2026-01-19
66;5;0.1394617672032556;799.333513;5.569156000000021;2742;0.0;8.175338800434211;5.580196190403107;-0.4460437824104133;1.0563060000000632;1000.0;0;;23.84837429187083;2037-01-02;BRSTNCNTF2K7;2026-01-19
67;0;0.13740678899645997;975.839101;0.5900009999999156;236;0.0;0.914097483330543;0.8024096785754997;-0.07830227393748146;0.20789300000001276;1000.0;29681;;0.6790912961086015;2027-01-04;BRSTNCNTF1P8;2026-01-20
68;1;0.13368071261982797;932.140108;3.660844999999995;735;0.0;2.6360673441570706;2.272677451053562;-0.21184538046742318;-1.012775999999917;1000.0;466507;;3.786987950573859;2029-01-02;BRSTNCNTF1Q6;2026-01-20
69;2;0.1377338314498536;882.844411;6.498813000000041;1236;0.0;4.171063967861951;3.436580114225894;-0.3033965546798072;-2.1218860000000177;1000.0;2177585;;8.298046060529211;2031-01-02;BRSTNCNTF204;2026-01-20
70;3;0.13950410074697628;844.055393;8.47025999999994;1740;0.0;5.588572485712442;4.34704599140316;-0.36691476126628686;-2.9157989999999927;1000.0;0;;13.482548213873406;2033-01-03;BRSTNCNTF212;2026-01-20
71;4;0.13969678045621262;818.354067;12.886179000000084;2239;0.0;6.9082216591963475;5.04428423640787;-0.41280105199683703;-3.36582199999998;1000.0;1478899;;18.75706242096415;2035-01-02;BRSTNCNTF238;2026-01-20
72;5;0.14040967944002486;795.537152;8.864227000000028;2741;0.0;8.171370546465957;5.5610370070047965;-0.44240115427191995;-3.796361000000047;1000.0;1235014;;23.72304108676676;2037-01-02;BRSTNCNTF2K7;2026-01-20
73;0;0.13691311895557137;976.723032;0.7210720000000492;235;0.0;0.910129229362289;0.7992720954343462;-0.0780667464445628;0.8839309999999614;1000.0;213054;;0.675354823731606;2027-01-04;BRSTNCNTF1P8;2026-01-21
74;1;0.13268628840468413;934.712265;4.609577000000058;734;0.0;2.6320990901888157;2.271571559592051;-0.21232657975758684;2.5721569999999474;1000.0;125537;;3.7849686222786976;2029-01-02;BRSTNCNTF1Q6;2026-01-21
75;2;0.136691709734915;886.464727;7.0710160000001;1235;0.0;4.167095713893697;3.438080574705068;-0.3047737158059931;3.6203160000000025;1000.0;1744391;;8.30542230747521;2031-01-02;BRSTNCNTF204;2026-01-21
76;3;0.1385402121102051;848.039157;7.187335999999959;1739;0.0;5.584604231744189;4.351343003355471;-0.3690109252383422;3.9837640000000647;1000.0;492423;;13.505377607693502;2033-01-03;BRSTNCNTF212;2026-01-21
77;4;0.13877098626636888;822.613037;8.501757999999995;2238;0.0;6.9042534052280935;5.051981977332513;-0.41558262372427635;4.258969999999977;1000.0;1745784;;18.80379709681303;2035-01-02;BRSTNCNTF238;2026-01-21
78;5;0.13951393004462406;799.929611;10.267916000000014;2740;0.0;8.167402292497703;5.572367697706503;-0.4457501924775329;4.392459000000031;1000.0;706761;;23.80072576775801;2037-01-02;BRSTNCNTF2K7;2026-01-21
79;0;0.13653703352808413;977.513057;0.8120629999999665;234;0.0;0.9061609753940351;0.796048378917044;-0.07781476843950941;0.7900250000000142;1000.0;313830;;0.6714837623482771;2027-01-04;BRSTNCNTF1P8;2026-01-22
80;1;0.13180906872312687;937.037851;3.9229660000000877;733;0.0;2.628130836220562;2.27018103482555;-0.21272455582538896;2.325586000000044;1000.0;372151;;3.7820634177737245;2029-01-02;BRSTNCNTF1Q6;2026-01-22
81;2;0.1360170364713656;888.974074;5.426431999999977;1234;0.0;4.163127459925443;3.437821073365002;-0.30561338052723386;2.5093469999999343;1000.0;2498468;;8.305425464253974;2031-01-02;BRSTNCNTF204;2026-01-22
82;3;0.13796772319262438;850.591596;6.653707999999938;1738;0.0;5.580635977775934;4.352481537459159;-0.370218421750792;2.5524389999999357;1000.0;1781599;;13.512167427744444;2033-01-03;BRSTNCNTF212;2026-01-22
83;4;0.13806139483859814;825.993571;7.657288999999992;2237;0.0;6.900285151259839;5.057075697131844;-0.41771120138912465;3.3805340000000115;1000.0;2076537;;18.83520690194946;2035-01-02;BRSTNCNTF238;2026-01-22
84;5;0.13893246511626706;802.942342;12.038804000000027;2739;0.0;8.163434038529449;5.578512936793223;-0.44792242423460493;3.0127310000000307;1000.0;2169856;;23.84390954029963;2037-01-02;BRSTNCNTF2K7;2026-01-22
85;0;0.13656797006474708;977.985664;0.6069520000000921;233;0.0;0.9021927214257812;0.792535001290035;-0.07750878694798757;0.4726070000000391;1000.0;383010;;0.667137778426574;2027-01-04;BRSTNCNTF1P8;2026-01-23
86;1;0.13138765509109407;938.394501;4.732629999999972;732;0.0;2.6241625822523083;2.267689754979811;-0.21279875960470918;1.356649999999945;1000.0;253683;;3.775726454825973;2029-01-02;BRSTNCNTF1Q6;2026-01-23
87;2;0.1355696397790421;890.79215;7.166090000000054;1233;0.0;4.159159205957189;3.4364713213081073;-0.30611816767213895;1.8180760000000191;1000.0;12698923;;8.300861285671388;2031-01-02;BRSTNCNTF204;2026-01-23
88;3;0.13743627593458832;852.998149;7.627773000000047;1737;0.0;5.57666772380768;4.353288649616592;-0.37133471601856627;2.406553000000031;1000.0;4660176;;13.51727164090721;2033-01-03;BRSTNCNTF212;2026-01-23
89;4;0.13734079394565252;829.43517;8.156276000000048;2236;0.0;6.896316897291586;5.062308570668339;-0.4198856769904751;3.4415989999999965;1000.0;5295966;;18.86744402510745;2035-01-02;BRSTNCNTF238;2026-01-23
90;5;0.13820987419200792;806.603269;8.799097999999958;2738;0.0;8.159465784561196;5.587007806846028;-0.4506498760930526;3.6609269999999015;1000.0;4340192;;23.90276257817669;2037-01-02;BRSTNCNTF2K7;2026-01-23
91;0;0.1363356244055935;978.662017;0.7195319999999583;232;0.0;0.8982244674575272;0.7892069594381712;-0.07723668747541979;0.6763529999999491;1000.0;424373;;0.6631140260338007;2027-01-04;BRSTNCNTF1P8;2026-01-26
92;1;0.13091815545435037;939.853109;2.5091690000000426;731;0.0;2.6201943282840543;2.2653123710555128;-0.21290608747926854;1.4586080000000265;1000.0;615053;;3.7697510884231247;2029-01-02;BRSTNCNTF1Q6;2026-01-26
93;2;0.13506016682339564;892.802378;8.368274000000042;1232;0.0;4.155190951988935;3.435417775880054;-0.30671491597291833;2.0102279999999837;1000.0;7316612;;8.297539291395074;2031-01-02;BRSTNCNTF204;2026-01-26
94;3;0.1368898132070104;855.46622;11.267178999999942;1736;0.0;5.572699469839427;4.354217246705572;-0.3724885769098023;2.468071000000009;1000.0;863294;;13.5229909439067;2033-01-03;BRSTNCNTF212;2026-01-26
95;4;0.13676532864037608;832.279912;12.214020000000005;2235;0.0;6.892348643323332;5.065788779035401;-0.4216154239226171;2.8447419999999966;1000.0;3173266;;18.88934852391179;2035-01-02;BRSTNCNTF238;2026-01-26
96;5;0.13781357647122178;808.80649;12.571098000000006;2737;0.0;8.15549753059294;5.590097931670507;-0.45213074868706826;2.2032210000000987;1000.0;1638276;;23.92559365127956;2037-01-02;BRSTNCNTF2K7;2026-01-26
97;0;0.13531033552348024;979.947972;1.4696840000000293;231;0.0;0.8942562134892732;0.7864334777796225;-0.07706638916630482;1.2859550000000581;1000.0;2079356;;0.6600273533104873;2027-01-04;BRSTNCNTF1P8;2026-01-27
98;1;0.12972336582129024;942.858206;5.261867999999936;730;0.0;2.6162260743158;2.2646796035195025;-0.21352717481391892;3.005096999999978;1000.0;215226;;3.7692191812301648;2029-01-02;BRSTNCNTF1Q6;2026-01-27
99;2;0.13354546788296698;897.911762;9.71838600000001;1231;0.0;4.151222698020681;3.439185241685755;-0.3088084880206452;5.109383999999977;1000.0;1442952;;8.314416149172702;2031-01-02;BRSTNCNTF204;2026-01-27
100;3;0.13526225294115965;861.993305;10.00421300000005;1735;0.0;5.568731215871172;4.36389907361628;-0.3761651785152935;6.527084999999943;1000.0;442524;;13.573216911790558;2033-01-03;BRSTNCNTF212;2026-01-27
101;4;0.13500977207723688;840.152421;13.444157999999902;2234;0.0;6.888380389355076;5.083594811287618;-0.42709944880863304;7.872509000000036;1000.0;4414423;;18.995863915263186;2035-01-02;BRSTNCNTF238;2026-01-27
102;5;0.13605006029181235;817.254006;2.9964499999999816;2736;0.0;8.151529276624688;5.615938331005172;-0.45896480984629306;8.44751599999995;1000.0;349779;;24.100299173088928;2037-01-02;BRSTNCNTF2K7;2026-01-27
103;0;0.13482372803598536;980.815278;1.9284749999999349;230;0.0;0.8902879595210191;0.7832782152276853;-0.0768251240419886;0.867305999999985;1000.0;348666;;0.6563121900640561;2027-01-04;BRSTNCNTF1P8;2026-01-28
104;1;0.12899640480539812;944.867156;3.1523650000000316;729;0.0;2.6122578203475464;2.262917572119755;-0.21381564906312178;2.008950000000027;1000.0;563949;;3.76516964778427;2029-01-02;BRSTNCNTF1Q6;2026-01-28
105;2;0.13303499260788237;899.936029;9.499248999999963;1230;0.0;4.147254444052426;3.4381345702884634;-0.3094101172353021;2.024267000000009;1000.0;6788231;;8.311103773064412;2031-01-02;BRSTNCNTF204;2026-01-28
106;3;0.13484892585267272;863.983694;12.005923000000053;1734;0.0;5.564762961902919;4.363752467582989;-0.3770210976643966;1.9903890000000501;1000.0;3359570;;13.573463844849453;2033-01-03;BRSTNCNTF212;2026-01-28
107;4;0.13470355736544973;841.883837;13.054182000000083;2233;0.0;6.884412135386822;5.083818721567405;-0.4279984811925601;1.7314159999999674;1000.0;2441537;;18.99854033543025;2035-01-02;BRSTNCNTF238;2026-01-28
108;5;0.13577086825101073;818.950569;5.154617999999914;2735;0.0;8.147561022656433;5.617097684362429;-0.46001253447371937;1.6965629999999692;1000.0;1228352;;24.11023618286253;2037-01-02;BRSTNCNTF2K7;2026-01-28
109;0;0.13436828148865892;981.65631;1.4592470000000048;229;0.0;0.8863197055527652;0.7800985399377915;-0.076578865415172;0.8410319999999274;1000.0;279048;;0.6525664649254792;2027-01-04;BRSTNCNTF1P8;2026-01-29
110;1;0.12789277235932114;947.683725;6.022740999999996;728;0.0;2.6082895663792924;2.262061040217142;-0.21437184327703562;2.8165689999999586;1000.0;317842;;3.7639455425761374;2029-01-02;BRSTNCNTF1Q6;2026-01-29
111;2;0.1324694496771652;902.133502;8.12065599999994;1229;0.0;4.143286190084173;3.4373470752579447;-0.3100945954591907;2.197473000000059;1000.0;4129001;;8.308895298878884;2031-01-02;BRSTNCNTF204;2026-01-29
112;3;0.13445561908839215;865.901727;6.949991999999952;1733;0.0;5.560794707934664;4.363443030489416;-0.3778312855766899;1.9180330000000367;1000.0;3990898;;13.572880854257004;2033-01-03;BRSTNCNTF212;2026-01-29
113;4;0.13437632317224332;843.708135;12.84824500000002;2232;0.0;6.88044388141857;5.0842981239965725;-0.4289663687981147;1.8242979999999989;1000.0;2849482;;19.00272318373883;2035-01-02;BRSTNCNTF238;2026-01-29
114;5;0.13542862007528242;820.940926;7.662917999999991;2734;0.0;8.14359276868818;5.619309655251138;-0.461312127186261;1.9903570000000173;1000.0;1063612;;24.127202067498082;2037-01-02;BRSTNCNTF2K7;2026-01-29
115;0;0.13441136183916932;982.114699;1.1638599999999997;228;0.0;0.8823514515845112;0.7765704589729417;-0.07626812625665025;0.45838900000001104;1000.0;380250;;0.6482520938584027;2027-01-04;BRSTNCNTF1P8;2026-01-30
116;1;0.12794719683051936;948.019897;5.699205000000006;727;0.0;2.6043213124110385;2.258411709977747;-0.21410192366766978;0.3361720000000332;1000.0;1341684;;3.754025508357015;2029-01-02;BRSTNCNTF1Q6;2026-01-30
117;2;0.13245557901378838;902.621944;6.717984000000001;1228;0.0;4.139317936115919;3.43390957412495;-0.30995221353168745;0.4884419999999636;1000.0;16659361;;8.295588357353546;2031-01-02;BRSTNCNTF204;2026-01-30
118;3;0.13450776381505616;866.138384;6.459777000000031;1732;0.0;5.55682645396641;4.359522578039585;-0.377594984075472;0.23665699999992285;1000.0;4632338;;13.553934349393726;2033-01-03;BRSTNCNTF212;2026-01-30
119;4;0.13437839264214535;844.121497;6.19672700000001;2231;0.0;6.876475627450315;5.080774793272944;-0.4288791224417423;0.41336200000000645;1000.0;5254935;;18.983253068796383;2035-01-02;BRSTNCNTF238;2026-01-30
120;5;0.1353626172585988;821.659321;7.1630720000000565;2733;0.0;8.139624514719925;5.616915369225017;-0.4615190868391892;0.7183949999999868;1000.0;560052;;24.113382634003727;2037-01-02;BRSTNCNTF2K7;2026-01-30
121;0;0.13426048312467892;982.720949;0.44659200000000965;227;0.0;0.8783831976162574;0.7731765601113166;-0.07598168028971486;0.6062500000000455;1000.0;916875;;0.6441725980693475;2027-01-04;BRSTNCNTF1P8;2026-02-02
122;1;0.12858766795566132;947.104622;5.8252860000000055;726;0.0;2.6003530584427845;2.253354413213683;-0.21341623797587772;-0.9152750000000651;1000.0;911168;;3.7397426741312154;2029-01-02;BRSTNCNTF1Q6;2026-02-02
123;2;0.13347997771072706;899.901953;6.869651999999974;1227;0.0;4.135349682147665;3.4254958732478835;-0.3082610426329211;-2.7199909999999363;1000.0;2410760;;8.261488910068719;2031-01-02;BRSTNCNTF204;2026-02-02
124;3;0.13560997701287905;862.425813;5.651911000000041;1731;0.0;5.552858199998157;4.347104711245632;-0.37490553147921446;-3.7125710000000254;1000.0;458409;;13.491872791162551;2033-01-03;BRSTNCNTF212;2026-02-02
125;4;0.13550049927679964;839.752473;14.643339999999966;2230;0.0;6.872507373482061;5.0636566143426105;-0.4252218164317014;-4.369023999999968;1000.0;937315;;18.883611028681873;2035-01-02;BRSTNCNTF238;2026-02-02
126;5;0.13647566424801952;816.961489;4.376459000000068;2732;0.0;8.135656260751672;5.594883326606994;-0.4570804213286124;-4.6978319999999485;1000.0;315242;;23.968557377330384;2037-01-02;BRSTNCNTF2K7;2026-02-02
127;0;0.1340071020933939;983.404146;0.7303860000000668;226;0.0;0.8744149436480034;0.7698522496481125;-0.07570758941113809;0.6831969999999501;1000.0;666609;;0.6402198026608152;2027-01-04;BRSTNCNTF1P8;2026-02-03
128;1;0.1278677136786523;949.09604;5.459266000000071;725;0.0;2.59638480447453;2.2515663519504887;-0.2136952708433455;1.991418000000067;1000.0;1332306;;3.7356333715620464;2029-01-02;BRSTNCNTF1Q6;2026-02-03
129;2;0.13281931703550165;902.388224;8.806439999999952;1226;0.0;4.131381428179411;3.4251583329807698;-0.30908225450173177;2.486270999999988;1000.0;535991;;8.261169301247207;2031-01-02;BRSTNCNTF204;2026-02-03
130;3;0.13499644510513364;865.164999;6.918036000000029;1730;0.0;5.5488899460299015;4.348571929501839;-0.37622322290388865;2.739186000000018;1000.0;503711;;13.50030834854815;2033-01-03;BRSTNCNTF212;2026-02-03
131;4;0.1349090194091555;842.696221;7.2922940000000835;2229;0.0;6.868539119513808;5.067336236966612;-0.4270225097428124;2.943748000000028;1000.0;1113018;;18.906655168303764;2035-01-02;BRSTNCNTF238;2026-02-03
132;5;0.13599329025174978;819.58548;7.744005000000016;2731;0.0;8.131688006783417;5.599418267505496;-0.45892019084942604;2.6239909999999327;1000.0;1201180;;24.000982068859336;2037-01-02;BRSTNCNTF2K7;2026-02-03
133;0;0.13391958595433479;983.961017;1.2117399999999634;225;0.0;0.8704466896797495;0.7664128547056434;-0.0754120371958038;0.556871000000001;1000.0;2027233;;0.6360880257129283;2027-01-04;BRSTNCNTF1P8;2026-02-04
134;1;0.12853223336215508;948.132393;2.8377470000000358;724;0.0;2.5924165505062766;2.246454973335508;-0.21299367296353466;-0.9636470000000372;1000.0;586009;;3.721217514057913;2029-01-02;BRSTNCNTF1Q6;2026-02-04
135;2;0.13359241205639663;900.451114;4.19602000000009;1225;0.0;4.127413174211157;3.41795627419365;-0.3077702534700961;-1.9371100000000752;1000.0;1300074;;8.232197299993867;2031-01-02;BRSTNCNTF204;2026-02-04
136;3;0.1358033609271568;862.572548;6.945993000000044;1729;0.0;5.5449216920616475;4.338553571902882;-0.37423172091507695;-2.5924509999999827;1000.0;340795;;13.450527069154024;2033-01-03;BRSTNCNTF212;2026-02-04
137;4;0.13570282478238566;839.740444;6.185582000000068;2228;0.0;6.864570865545554;5.05421531156091;-0.42442290098017565;-2.955777000000012;1000.0;478614;;18.830736068581057;2035-01-02;BRSTNCNTF238;2026-02-04
138;5;0.13678805706650785;816.365753;6.231908999999973;2730;0.0;8.127719752815164;5.582707074388105;-0.4557530864561272;-3.2197269999999207;1000.0;153540;;23.891872878423094;2037-01-02;BRSTNCNTF2K7;2026-02-04
139;0;0.13373056931325009;984.593855;0.9438949999999977;224;0.0;0.8664784357114953;0.7630421387904492;-0.07512866009591335;0.6328379999999925;1000.0;269141;;0.6320812745866764;2027-01-04;BRSTNCNTF1P8;2026-02-05
140;1;0.12826208278387918;949.162483;2.3462899999999536;723;0.0;2.5884482965380227;2.243585231133027;-0.21295269288043528;1.0300899999999729;1000.0;186295;;3.713769068577936;2029-01-02;BRSTNCNTF1Q6;2026-02-05
141;2;0.13351046044637466;901.151417;3.3902510000000348;1224;0.0;4.123444920242903;3.4148473347821433;-0.3077294514577602;0.7003030000000763;1000.0;2324875;;8.220326532822137;2031-01-02;BRSTNCNTF204;2026-02-05
142;3;0.13582447611370957;862.929541;5.029465999999957;1728;0.0;5.5409534380933945;4.334889284156412;-0.37407040202629105;0.35699299999998857;1000.0;901026;;13.432974471459568;2033-01-03;BRSTNCNTF212;2026-02-05
143;4;0.13574793573410235;839.973199;7.88579100000004;2227;0.0;6.860602611577299;5.05017479303727;-0.42420114764166783;0.23275499999999738;1000.0;1099731;;18.80833069366669;2035-01-02;BRSTNCNTF238;2026-02-05
144;5;0.1368561751521872;816.470867;5.947090000000003;2729;0.0;8.123751498846909;5.578084678004423;-0.45543436332496867;0.10511399999995774;1000.0;768720;;23.863329467483332;2037-01-02;BRSTNCNTF2K7;2026-02-05
145;0;0.13348528059023784;985.267939;0.6014089999999896;223;0.0;0.8625101817432413;0.7597085134432923;-0.07485164412810263;0.6740839999999935;1000.0;1398913;;0.6281469216411241;2027-01-04;BRSTNCNTF1P8;2026-02-06
146;1;0.1284587700377325;949.198871;2.2153849999999693;722;0.0;2.5844800425697687;2.2395979421215775;-0.21258238381557248;0.03638800000010178;1000.0;263001;;3.7028710997450247;2029-01-02;BRSTNCNTF1Q6;2026-02-06
147;2;0.13392411796606946;900.328662;3.0789350000000013;1223;0.0;4.119476666274649;3.4093713087789195;-0.30695547086941133;-0.8227550000000292;1000.0;9365232;;8.19861179376359;2031-01-02;BRSTNCNTF204;2026-02-06
148;3;0.136334091702737;861.463026;5.963233999999943;1727;0.0;5.53698518412514;4.327283663288583;-0.37277948789369475;-1.4665149999999585;1000.0;34775;;13.395514354399944;2033-01-03;BRSTNCNTF212;2026-02-06
149;4;0.13639660974895013;837.653061;6.983330000000024;2226;0.0;6.856634357609046;5.038830062878633;-0.4220791426029109;-2.3201380000000427;1000.0;829150;;18.743038901512744;2035-01-02;BRSTNCNTF238;2026-02-06
150;5;0.13750981945177432;813.918283;8.460413000000017;2728;0.0;8.119783244878656;5.5637456446065805;-0.4528434302106916;-2.5525840000000244;1000.0;1401850;;23.770259327440133;2037-01-02;BRSTNCNTF2K7;2026-02-06
151;0;0.13345009824567858;985.784174;1.4239129999999705;222;0.0;0.8585419277749874;0.7562313679149545;-0.07454809143729335;0.5162350000000515;1000.0;918621;;0.6239880799134031;2027-01-04;BRSTNCNTF1P8;2026-02-09
152;1;0.12796622014023668;950.700975;2.6368850000000066;721;0.0;2.5805117886015143;2.237257542621807;-0.2126962927096656;1.5021039999999175;1000.0;607256;;3.6970785027772823;2029-01-02;BRSTNCNTF1Q6;2026-02-09
153;2;0.1330652113781163;903.418327;2.721025999999938;1222;0.0;4.115508412306395;3.409971644299298;-0.3080630878010311;3.089664999999968;1000.0;1127822;;8.202199436106795;2031-01-02;BRSTNCNTF204;2026-02-09
154;3;0.13549132319629723;865.048979;3.4385959999999614;1726;0.0;5.533016930156887;4.33059054579581;-0.37461729301077185;3.5859530000000177;1000.0;236963;;13.413221535269129;2033-01-03;BRSTNCNTF212;2026-02-09
155;4;0.13565298563774567;841.224981;10.622320000000059;2225;0.0;6.852666103640791;5.0443364584912285;-0.4243421841451891;3.5719199999999773;1000.0;678054;;18.776740922463947;2035-01-02;BRSTNCNTF238;2026-02-09
156;5;0.13681124892612198;817.50705;3.720160000000078;2727;0.0;8.115814990910401;5.571849633346085;-0.455502635680034;3.5887670000000753;1000.0;417728;;23.82629891394086;2037-01-02;BRSTNCNTF2K7;2026-02-09
157;0;0.13370244136085685;986.087017;0.7459740000000465;221;0.0;0.8545736738067334;0.7525605386644277;-0.07420901766835186;0.3028429999999389;1000.0;42744;;0.619524097668093;2027-01-04;BRSTNCNTF1P8;2026-02-10
158;1;0.1284404091103655;950.148679;2.5940070000000333;720;0.0;2.576543534633261;2.2326086587344767;-0.21213101678205248;-0.5522959999999557;1000.0;150628;;3.6841634352415324;2029-01-02;BRSTNCNTF1Q6;2026-02-10
159;2;0.13344182411024033;902.70776;6.178416999999968;1221;0.0;4.1115401583381415;3.404672199872244;-0.30734240150809455;-0.7105669999999691;1000.0;5055553;;8.1812452816036;2031-01-02;BRSTNCNTF204;2026-02-10
160;3;0.1357206518229874;864.627036;5.328532999999993;1725;0.0;5.529048676188632;4.325245572698381;-0.37397242594943236;-0.4219430000000557;1000.0;4252947;;13.387209535175042;2033-01-03;BRSTNCNTF212;2026-02-10
161;4;0.13584623514654304;840.830437;8.139752000000044;2224;0.0;6.848697849672537;5.038503283428302;-0.4236526917630954;-0.39454399999999623;1000.0;382214;;18.74385341679906;2035-01-02;BRSTNCNTF238;2026-02-10
162;5;0.1369254086530043;817.403449;8.238612999999987;2726;0.0;8.111846736942146;5.566463664630892;-0.45500465982024707;-0.10360100000002603;1000.0;2477728;;23.792735683752806;2037-01-02;BRSTNCNTF2K7;2026-02-10
163;0;0.1332692331602219;986.89844;0.609328000000005;220;0.0;0.8506054198384796;0.7493504713327513;-0.07395328111715571;0.8114230000001044;1000.0;58663;;0.615826687864543;2027-01-04;BRSTNCNTF1P8;2026-02-11
164;1;0.12814922169153337;951.221712;1.4665360000000192;719;0.0;2.572575280665007;2.22978546926502;-0.21210203514669956;1.0730330000000095;1000.0;67134;;3.676898236522619;2029-01-02;BRSTNCNTF1Q6;2026-02-11
165;2;0.13356112116888502;902.79022;2.8347909999999956;1220;0.0;4.1075719043698875;3.4006024232898433;-0.30700306098543706;0.08245999999996911;1000.0;5597720;;8.165425177677745;2031-01-02;BRSTNCNTF204;2026-02-11
166;3;0.1360370706429454;863.882005;3.9797060000000783;1724;0.0;5.525080422220378;4.31920064303997;-0.37312797115066587;-0.7450309999999263;1000.0;4258374;;13.357695076421225;2033-01-03;BRSTNCNTF212;2026-02-11
167;4;0.13627270331151084;839.452015;4.033742999999959;2223;0.0;6.844729595704283;5.0298519926552885;-0.42223193903862466;-1.3784220000000005;1000.0;273451;;18.69447704776354;2035-01-02;BRSTNCNTF238;2026-02-11
168;5;0.13744193105989133;815.475061;9.18422899999996;2725;0.0;8.107878482973893;5.5544054118133905;-0.45294790920172545;-1.9283880000000408;1000.0;2958658;;23.714946923366185;2037-01-02;BRSTNCNTF2K7;2026-02-11
169;0;0.13304010697146126;987.557282;0.7992590000000064;219;0.0;0.8466371658702256;0.7460017394482568;-0.07367194501767926;0.658841999999936;1000.0;547038;;0.6119133867122246;2027-01-04;BRSTNCNTF1P8;2026-02-12
170;1;0.1279682329741562;952.06054;2.3974209999998948;718;0.0;2.568607026696753;2.2266985696127533;-0.21199518426027453;0.8388279999999213;1000.0;369851;;3.6688286250903195;2029-01-02;BRSTNCNTF1Q6;2026-02-12
171;2;0.13329994931035594;904.04133;15.592475000000036;1219;0.0;4.1036036504016336;3.398346105944178;-0.30722453334180955;1.2511100000000397;1000.0;16766402;;8.157146485292484;2031-01-02;BRSTNCNTF204;2026-02-12
172;3;0.13566778630167048;865.698416;4.112729999999942;1723;0.0;5.521112168252125;4.318683630479537;-0.37386775781112647;1.8164109999999027;1000.0;4325253;;13.356081294214778;2033-01-03;BRSTNCNTF212;2026-02-12
173;4;0.13580533601588282;841.854124;3.0047080000000506;2222;0.0;6.840761341736029;5.032010667193274;-0.4236218932188649;2.402108999999996;1000.0;0;;18.708496407186594;2035-01-02;BRSTNCNTF238;2026-02-12
174;5;0.1369345316218207;818.194878;5.3474319999999125;2724;0.0;8.10391022900564;5.559331603316764;-0.4548616642937304;2.7198170000000346;1000.0;5194245;;23.749828398098575;2037-01-02;BRSTNCNTF2K7;2026-02-12
175;0;0.1330924866683481;988.008463;0.663581000000022;218;0.0;0.8426689119019717;0.7424646428174455;-0.07335613505819083;0.4511810000000196;1000.0;973204;;0.6077046327173558;2027-01-04;BRSTNCNTF1P8;2026-02-13
176;1;0.12786338165707098;952.737663;1.6325430000000551;717;0.0;2.5646387727284985;2.2234297006700197;-0.21183452168611439;0.6771230000000514;1000.0;68437;;3.6602085061303336;2029-01-02;BRSTNCNTF1Q6;2026-02-13
177;2;0.13298771426735215;905.449823;1.9995989999999892;1218;0.0;4.09963539643338;3.3963319542618504;-0.3075208166835637;1.4084930000000213;1000.0;8389510;;8.149877292800632;2031-01-02;BRSTNCNTF204;2026-02-13
178;3;0.1352294307176657;867.776163;3.177738999999974;1722;0.0;5.51714391428387;4.318722844178786;-0.37476847387819134;2.077747000000045;1000.0;6061686;;13.357271214876587;2033-01-03;BRSTNCNTF212;2026-02-13
179;4;0.1353129454537446;844.368943;5.300431000000003;2221;0.0;6.836793087767775;5.034473695920872;-0.425095323318601;2.5148189999999886;1000.0;340203;;18.724296479769535;2035-01-02;BRSTNCNTF238;2026-02-13
180;5;0.13636607759001915;821.203326;3.302603999999974;2723;0.0;8.099941975037387;5.565277936874966;-0.45702247518761396;3.0084479999999303;1000.0;1875318;;23.79147870999188;2037-01-02;BRSTNCNTF2K7;2026-02-13
181;0;0.13295086881415108;988.601933;0.34511699999995926;217;0.0;0.8387006579337176;0.7390561282830328;-0.07306323170161022;0.5934700000000248;1000.0;223580;;0.6037172580731922;2027-01-04;BRSTNCNTF1P8;2026-02-18
182;1;0.1274159103538199;954.140233;1.9511469999999917;716;0.0;2.560670518760245;2.2209738686614857;-0.21191205245315814;1.4025699999999688;1000.0;202932;;3.6540989999336517;2029-01-02;BRSTNCNTF1Q6;2026-02-18
183;2;0.1324852437310359;907.444792;3.263759999999934;1217;0.0;4.095667142465125;3.3952229499648565;-0.3080977383624486;1.9949689999999691;1000.0;6575543;;8.14636559029253;2031-01-02;BRSTNCNTF204;2026-02-18
184;3;0.13462990997592508;870.463331;5.800306999999975;1721;0.0;5.513175660315617;4.320061584849381;-0.37604551972731315;2.6871680000000424;1000.0;6583646;;13.365012223000054;2033-01-03;BRSTNCNTF212;2026-02-18
185;4;0.13467341782798917;847.518836;5.571174999999926;2220;0.0;6.832824833799522;5.038720523964831;-0.42704105533999837;3.14989300000002;1000.0;774885;;18.75055496189299;2035-01-02;BRSTNCNTF238;2026-02-18
186;5;0.13575258368783366;824.430848;5.583150000000046;2722;0.0;8.095973721069132;5.571981208392607;-0.4593713192675182;3.2275220000000218;1000.0;1378290;;23.83815907944637;2037-01-02;BRSTNCNTF2K7;2026-02-18
187;0;0.1329651036347607;989.081392;0.4168260000000146;216;0.0;0.8347324039654636;0.7355441772964181;-0.0727513058757836;0.47945900000001984;1000.0;873586;;0.5995738349184837;2027-01-04;BRSTNCNTF1P8;2026-02-19
188;1;0.12790513698662478;953.559674;1.7982979999999316;715;0.0;2.556702264791991;2.2162939576823777;-0.21133685437757777;-0.5805589999999938;1000.0;74897;;3.6411641202236478;2029-01-02;BRSTNCNTF1Q6;2026-02-19
189;2;0.1332763720331187;905.461395;3.6333829999999807;1216;0.0;4.091698888496872;3.3879537356550418;-0.30676613156816757;-1.983396999999968;1000.0;14717736;;8.117333451316595;2031-01-02;BRSTNCNTF204;2026-02-19
190;3;0.1356170177766658;867.200202;5.065806000000066;1720;0.0;5.509207406347362;4.308609817835847;-0.373642730436643;-3.263129000000049;1000.0;344145;;13.308307332371623;2033-01-03;BRSTNCNTF212;2026-02-19
191;4;0.13571145711912783;843.528926;7.745282999999972;2219;0.0;6.828856579831268;5.022664093721903;-0.4236762448636;-3.989910000000009;1000.0;526395;;18.657835917136108;2035-01-02;BRSTNCNTF238;2026-02-19
192;5;0.13682160228248239;819.959612;6.320015000000012;2721;0.0;8.09200546710088;5.550733750167687;-0.45513774921028016;-4.471235999999976;1000.0;267395;;23.69947143985815;2037-01-02;BRSTNCNTF2K7;2026-02-19
193;0;0.1325018099383009;989.907234;0.4514809999999443;215;0.0;0.8307641499972096;0.7323452350196638;-0.07249538459313953;0.825841999999966;1000.0;29564;;0.5959492606318496;2027-01-04;BRSTNCNTF1P8;2026-02-20
194;1;0.12720220129707638;955.500855;2.243378000000007;714;0.0;2.552734010823737;2.2144407300950038;-0.21159000109526005;1.9411810000000287;1000.0;308749;;3.636921078924798;2029-01-02;BRSTNCNTF1Q6;2026-02-20
195;2;0.13253861000207326;908.177039;3.5383390000000645;1215;0.0;4.087730634528618;3.3879609437640013;-0.30768683381552364;2.7156439999999975;1000.0;3770265;;8.118450743939418;2031-01-02;BRSTNCNTF204;2026-02-20
196;3;0.1349604373866588;870.095452;5.064247000000023;1719;0.0;5.505239152379108;4.310403063415764;-0.3750462101764924;2.8952500000000327;1000.0;8642540;;13.318324216032531;2033-01-03;BRSTNCNTF212;2026-02-20
197;4;0.1350989535019875;846.555462;5.453457000000071;2218;0.0;6.824888325863014;5.026576164916372;-0.42552755075689674;3.0265360000000783;1000.0;254850;;18.68209376067018;2035-01-02;BRSTNCNTF238;2026-02-20
198;5;0.13629518536191154;822.778001;5.742549000000054;2720;0.0;8.088037213132624;5.555978767678983;-0.45713371040693573;2.8183890000000247;1000.0;1348158;;23.73641906977781;2037-01-02;BRSTNCNTF2K7;2026-02-20
199;0;0.1323371321033554;990.515025;0.36270300000001043;214;0.0;0.8267958960289558;0.7289487274176419;-0.07220346669618039;0.6077910000000202;1000.0;16141;;0.5920158640971946;2027-01-04;BRSTNCNTF1P8;2026-02-23
200;1;0.12712540206203324;956.117311;2.494815000000017;713;0.0;2.548765756855483;2.2111020779048456;-0.21140729730728935;0.616455999999971;1000.0;400436;;3.6281271306195286;2029-01-02;BRSTNCNTF1Q6;2026-02-23
201;2;0.13256779655749237;908.535946;4.204482999999982;1214;0.0;4.083762380560364;3.384318291384044;-0.3074774820427706;0.35890699999993103;1000.0;7480525;;8.10446495295633;2031-01-02;BRSTNCNTF204;2026-02-23
202;3;0.13500758036864527;870.355946;4.417372999999998;1718;0.0;5.501270898410855;4.306527005559436;-0.374821138589823;0.26049399999999423;1000.0;2701452;;13.299809373674787;2033-01-03;BRSTNCNTF212;2026-02-23
203;4;0.1352351505305659;846.402114;6.208535999999981;2217;0.0;6.82092007189476;5.021433141006274;-0.425015162585737;-0.1533480000000509;1000.0;56951;;18.65335126262905;2035-01-02;BRSTNCNTF238;2026-02-23
204;5;0.13637631560791574;822.824585;3.6710709999999835;2719;0.0;8.084068959164368;5.5511397768178234;-0.4567614283137118;0.046583999999938897;1000.0;2924642;;23.706567927542352;2037-01-02;BRSTNCNTF2K7;2026-02-23
205;0;0.1322116883888102;991.09385;1.0342269999999871;213;0.0;0.8228276420607018;0.7255257399822655;-0.07190640989131225;0.578824999999938;1000.0;215316;;0.5880513234707684;2027-01-04;BRSTNCNTF1P8;2026-02-24
206;1;0.12685625302871678;957.140078;4.038952999999992;712;0.0;2.5447975028872287;2.2082178496515894;-0.21135738048565145;1.0227670000000444;1000.0;33649;;3.6207360121657803;2029-01-02;BRSTNCNTF1Q6;2026-02-24
207;2;0.132204497064178;910.102302;5.664598999999953;1213;0.0;4.07979412659211;3.3825414770659465;-0.30784587848881984;1.5663560000000416;1000.0;5080871;;8.098204697299737;2031-01-02;BRSTNCNTF204;2026-02-24
208;3;0.13454720105528936;872.520961;4.455223000000046;1717;0.0;5.4973026444426;4.306738225876859;-0.3757719375617512;2.1650150000000394;1000.0;3523975;;13.301860140478448;2033-01-03;BRSTNCNTF212;2026-02-24
209;4;0.1347367535829649;848.950022;5.149592000000098;2216;0.0;6.816951817926506;5.023965132095666;-0.42650953094198485;2.5479080000000067;1000.0;982407;;18.6695176236657;2035-01-02;BRSTNCNTF238;2026-02-24
210;5;0.13589093589234316;825.463484;4.574515000000019;2718;0.0;8.080100705196115;5.555706769685164;-0.4586033066186701;2.6388990000000376;1000.0;4585506;;23.739005783054143;2037-01-02;BRSTNCNTF2K7;2026-02-24
211;0;0.13234165888145116;991.48929;0.5901320000000396;212;0.0;0.8188593880924478;0.7219368388903703;-0.07157926438162576;0.3954400000000078;1000.0;95887;;0.5838316404370736;2027-01-04;BRSTNCNTF1P8;2026-02-25
212;1;0.12694675981349698;957.402758;2.600646999999981;711;0.0;2.540829248918975;2.2044825516937463;-0.21105776749544702;0.2626799999999321;1000.0;141677;;3.6107494205789976;2029-01-02;BRSTNCNTF1Q6;2026-02-25
213;2;0.13201341096031646;911.139042;4.737084999999979;1212;0.0;4.075825872623856;3.3799447048034366;-0.3079599580347576;1.0367400000000089;1000.0;4769516;;8.088559255212767;2031-01-02;BRSTNCNTF204;2026-02-25
214;3;0.13424598544212402;874.090724;5.031543000000056;1716;0.0;5.493334390474346;4.305666681883206;-0.376354330726997;1.5697629999999663;1000.0;4591020;;13.297457993134337;2033-01-03;BRSTNCNTF212;2026-02-25
215;4;0.13431442789602993;851.179691;6.733727000000044;2215;0.0;6.812983563958252;5.02557818341046;-0.4277670085251657;2.229669000000058;1000.0;181491;;18.680303853220185;2035-01-02;BRSTNCNTF238;2026-02-25
216;5;0.1353885410890337;828.189631;5.370544999999993;2717;0.0;8.076132451227862;5.56056203279812;-0.46051998180956843;2.726146999999969;1000.0;4948432;;23.773352386773023;2037-01-02;BRSTNCNTF2K7;2026-02-25
